ID,Filename,Original Filename,File Path,Project,Dataset,Width,Height,Format,File Size,Split Type,Split Section,Is Labeled,Is Auto Labeled,Is Verified,Annotations,File Exists,Created,Updated
812da977-4eb2-4e30-8096-9ce785ac37f0,car.jpg,car.jpg,projects/gevis/annotating/animal/car.jpg,gevis,animal,800,600,JPEG,57407,annotating,val,Yes,No,No,1,No,2025-09-21 16:42:50,2026-03-19 11:53:45.818237
333c172a-6e96-4e6d-88b6-c20c11fa83d5,cat.jpg,cat.jpg,projects/gevis/annotating/animal/cat.jpg,gevis,animal,800,600,JPEG,54749,annotating,train,Yes,No,No,1,No,2025-09-21 16:42:50,2026-03-19 11:53:45.819757
94e66fc7-b4be-4a9a-af15-756985ef9b73,dog.jpg,dog.jpg,projects/gevis/annotating/animal/dog.jpg,gevis,animal,800,600,JPEG,76182,annotating,test,Yes,No,No,1,No,2025-09-21 16:42:50,2026-03-19 11:53:45.821263
a83adae8-ae9f-480a-b7ee-7845b77c4054,0-1.bmp,0-1.bmp,projects\gevis\dataset\Reject\train\0-1.bmp,gevis,Reject,1468,1468,BMP,2156102,dataset,train,Yes,No,No,9,No,2025-09-22 07:07:14,2026-04-02 15:19:27
a9a4f7f8-288e-467b-83ba-5a08f0997024,155.png,155.png,projects\gevis\dataset\bread_dataset\train\155.png,gevis,bread_dataset,164,164,PNG,44275,dataset,train,Yes,No,No,1,No,2026-01-20 10:03:43,2026-04-02 15:19:28
332ba365-6b88-4255-83fb-85a9d286ee88,347.png,347.png,projects\gevis\dataset\bread_dataset\train\347.png,gevis,bread_dataset,150,142,PNG,35736,dataset,train,Yes,No,No,1,No,2026-01-20 10:03:43,2026-04-02 15:19:28
1a0918bd-4c7e-450b-a245-6b6af2503b30,386.png,386.png,projects\gevis\dataset\bread_dataset\train\386.png,gevis,bread_dataset,148,142,PNG,33723,dataset,train,Yes,No,No,1,No,2026-01-20 10:03:43,2026-04-02 15:19:28
e5e2720d-c132-4d9a-9e47-4782c90dad11,0-1.bmp,0-1.bmp,projects/MASMAC-O-RING/dataset/Reject/train/0-1.bmp,MASMAC-O-RING,Reject,1468,1468,BMP,2156102,dataset,train,Yes,No,No,10,No,2025-09-23 10:32:21,2025-09-26 11:50:52.830769
976f9ec6-3282-4f83-b090-48c0f385ce2d,0-2.bmp,0-2.bmp,projects/MASMAC-O-RING/dataset/Reject/train/0-2.bmp,MASMAC-O-RING,Reject,1468,1468,BMP,2156102,dataset,train,Yes,No,No,10,No,2025-09-23 10:32:21,2025-09-26 11:50:52.846773
366e8104-2e41-4da4-860c-2b80d92cea56,0.bmp,0.bmp,projects/MASMAC-O-RING/dataset/Reject/val/0.bmp,MASMAC-O-RING,Reject,1468,1468,BMP,2156102,dataset,val,Yes,No,No,10,No,2025-09-23 10:32:21,2025-09-26 11:50:52.862303
f517cc9f-9ffa-40d0-bff1-fd596d4c2b67,1-1.bmp,1-1.bmp,projects/MASMAC-O-RING/dataset/Reject/train/1-1.bmp,MASMAC-O-RING,Reject,1468,1468,BMP,2156102,dataset,train,Yes,No,No,9,No,2025-09-23 10:32:22,2025-09-26 11:50:52.875917
f5106250-c6b3-430f-9121-f8bbad597b30,1-2.bmp,1-2.bmp,projects/MASMAC-O-RING/dataset/Reject/train/1-2.bmp,MASMAC-O-RING,Reject,1468,1468,BMP,2156102,dataset,train,Yes,No,No,8,No,2025-09-23 10:32:22,2025-09-26 11:50:52.888917
d6987f06-dfc6-4e53-9573-f7e4177e0764,1.bmp,1.bmp,projects/MASMAC-O-RING/dataset/Reject/val/1.bmp,MASMAC-O-RING,Reject,1468,1468,BMP,2156102,dataset,val,Yes,No,No,8,No,2025-09-23 10:32:22,2025-09-30 15:28:47.694199
35a76fce-af08-45b6-8156-64cf3c4695f1,2-1.bmp,2-1.bmp,projects/MASMAC-O-RING/dataset/Reject/train/2-1.bmp,MASMAC-O-RING,Reject,1468,1468,BMP,2156102,dataset,train,Yes,No,No,11,No,2025-09-23 10:32:22,2025-09-26 11:50:52.912022
5836f357-951d-45b0-bb4e-a6992686a689,2-2.bmp,2-2.bmp,projects/MASMAC-O-RING/dataset/Reject/val/2-2.bmp,MASMAC-O-RING,Reject,1468,1468,BMP,2156102,dataset,val,Yes,No,No,8,No,2025-09-23 10:32:23,2025-09-26 11:50:52.923021
f55e1d1b-daa7-49e3-bc3e-c4637629b10c,2.bmp,2.bmp,projects/MASMAC-O-RING/dataset/Reject/train/2.bmp,MASMAC-O-RING,Reject,1468,1468,BMP,2156102,dataset,train,Yes,No,No,8,No,2025-09-23 10:32:23,2025-09-26 11:50:52.939022
db3bac73-63c8-48d2-bcc4-3de93b3addef,0-0-Squares.bmp,0-0-Squares.bmp,projects/cuffia-ext/dataset/rejects/train/0-0-Squares.bmp,cuffia-ext,rejects,2055,2055,BMP,4226158,dataset,train,Yes,No,No,5,No,2025-09-25 07:24:30,2025-09-27 07:47:19.079585
ed6287da-5ed0-4ffc-8609-2dd7e7fc10b1,0-1-Squares.bmp,0-1-Squares.bmp,projects/cuffia-ext/dataset/rejects/val/0-1-Squares.bmp,cuffia-ext,rejects,2055,2055,BMP,4226158,dataset,val,Yes,No,No,4,No,2025-09-25 07:24:30,2025-09-27 07:47:19.091100
be5c4c1c-98ce-41cf-850e-92ba5620fb56,1-0-Squares.bmp,1-0-Squares.bmp,projects/cuffia-ext/dataset/rejects/train/1-0-Squares.bmp,cuffia-ext,rejects,2055,2055,BMP,4226158,dataset,train,Yes,No,No,5,No,2025-09-25 07:24:30,2025-09-27 07:47:19.100608
7757bd27-bd4d-402c-8c35-d920bd6d78db,1-1-Squares.bmp,1-1-Squares.bmp,projects/cuffia-ext/dataset/rejects/val/1-1-Squares.bmp,cuffia-ext,rejects,2055,2055,BMP,4226158,dataset,val,Yes,No,No,5,No,2025-09-25 07:24:30,2025-09-27 07:47:19.111118
16972f25-a552-4c01-8a7d-967fd53c425a,2-0-Squares.bmp,2-0-Squares.bmp,projects/cuffia-ext/dataset/rejects/train/2-0-Squares.bmp,cuffia-ext,rejects,2055,2055,BMP,4226158,dataset,train,Yes,No,No,5,No,2025-09-25 07:24:30,2025-09-27 07:47:19.122628
5d156dd4-b5cb-4ae3-babd-e95db28d8101,2-1-Squares.bmp,2-1-Squares.bmp,projects/cuffia-ext/dataset/rejects/train/2-1-Squares.bmp,cuffia-ext,rejects,2055,2055,BMP,4226158,dataset,train,Yes,No,No,4,No,2025-09-25 07:24:30,2025-09-27 07:47:19.134146
a015b7b2-d6b3-42f6-b713-43c1da6c0f52,0-1.bmp,0-1.bmp,projects/cuffia-int/dataset/rejects/train/0-1.bmp,cuffia-int,rejects,822,822,BMP,678406,dataset,train,Yes,No,No,7,No,2025-09-25 10:15:49,2025-09-28 08:03:56.598882
f08de423-25a2-48de-bad8-d85e2b4fa90b,0.bmp,0.bmp,projects/cuffia-int/dataset/rejects/train/0.bmp,cuffia-int,rejects,839,839,BMP,705838,dataset,train,Yes,No,No,6,No,2025-09-25 10:15:49,2025-09-28 08:03:56.586370
323fe9fb-2f1c-40fd-98d0-3c7a6f311271,1-1.bmp,1-1.bmp,projects/cuffia-int/dataset/rejects/val/1-1.bmp,cuffia-int,rejects,822,822,BMP,678406,dataset,val,Yes,No,No,6,No,2025-09-25 10:15:49,2025-09-28 08:03:56.620888
bff17611-c4fa-4c3b-9365-1d955b9a9823,1.bmp,1.bmp,projects/cuffia-int/dataset/rejects/train/1.bmp,cuffia-int,rejects,822,822,BMP,678406,dataset,train,Yes,No,No,6,No,2025-09-25 10:15:49,2025-09-28 08:03:56.609883
fd11fa68-bffe-4e36-a06d-2185fbfbbf59,2-1.bmp,2-1.bmp,projects/cuffia-int/dataset/rejects/train/2-1.bmp,cuffia-int,rejects,822,822,BMP,678406,dataset,train,Yes,No,No,9,No,2025-09-25 10:15:49,2025-09-28 08:03:56.641915
f1357fb0-56c9-4990-877b-08ac76d578a0,2.bmp,2.bmp,projects/cuffia-int/dataset/rejects/val/2.bmp,cuffia-int,rejects,822,822,BMP,678406,dataset,val,Yes,No,No,7,No,2025-09-25 10:15:49,2025-09-28 08:03:56.631398
d9d2c186-e849-4737-8d32-488391736165,0-0-Squares.bmp,0-0-Squares.bmp,projects/Sensore di Forza external/dataset/external_square/train/0-0-Squares.bmp,Sensore di Forza external,external_square,1533,1533,BMP,2355766,dataset,train,Yes,No,No,8,No,2025-09-30 09:08:38,2025-12-29 14:46:19.715137
a1f767bb-d88b-4a81-9e90-5a9c8266aeb4,0-1-Squares.bmp,0-1-Squares.bmp,projects/Sensore di Forza external/dataset/external_square/val/0-1-Squares.bmp,Sensore di Forza external,external_square,1533,1533,BMP,2355766,dataset,val,Yes,No,No,7,No,2025-09-30 09:08:38,2025-12-29 14:46:19.733909
278acf4f-b260-46b3-bdf3-41b13d77011b,0-2-Squares.bmp,0-2-Squares.bmp,projects/Sensore di Forza external/dataset/external_square/train/0-2-Squares.bmp,Sensore di Forza external,external_square,1533,1533,BMP,2355766,dataset,train,Yes,No,No,7,No,2025-09-30 09:08:38,2025-12-29 14:46:19.762052
8dc7f787-2e01-442c-a974-1674ce076589,0-3-Squares.bmp,0-3-Squares.bmp,projects/Sensore di Forza external/dataset/external_square/train/0-3-Squares.bmp,Sensore di Forza external,external_square,1533,1533,BMP,2355766,dataset,train,Yes,No,No,7,No,2025-09-30 09:08:38,2025-12-29 14:46:19.773273
8ba5f293-a85e-4382-952d-6bd5088938f5,1-0-Squares.bmp,1-0-Squares.bmp,projects/Sensore di Forza external/dataset/external_square/val/1-0-Squares.bmp,Sensore di Forza external,external_square,1533,1533,BMP,2355766,dataset,val,Yes,No,No,8,No,2025-09-30 09:08:38,2025-12-29 14:46:19.786437
d42db589-c4af-4cee-a4cc-fe135bfec1a9,1-1-Squares.bmp,1-1-Squares.bmp,projects/Sensore di Forza external/dataset/external_square/train/1-1-Squares.bmp,Sensore di Forza external,external_square,1533,1533,BMP,2355766,dataset,train,Yes,No,No,9,No,2025-09-30 09:08:38,2025-12-29 14:46:19.806117
39b76e52-83b3-4927-b7ba-6f6d5387405e,1-2-Squares.bmp,1-2-Squares.bmp,projects/Sensore di Forza external/dataset/external_square/val/1-2-Squares.bmp,Sensore di Forza external,external_square,1533,1533,BMP,2355766,dataset,val,Yes,No,No,8,No,2025-09-30 09:08:38,2025-12-29 14:46:19.821607
3aded663-d364-4cb3-ba11-a74fe35b9f63,1-3-Squares.bmp,1-3-Squares.bmp,projects/Sensore di Forza external/dataset/external_square/train/1-3-Squares.bmp,Sensore di Forza external,external_square,1533,1533,BMP,2355766,dataset,train,Yes,No,No,10,No,2025-09-30 09:08:39,2025-12-29 14:46:19.860379
ff8f3977-d1b3-4359-b74d-dd5916c5076e,2-0-Squares.bmp,2-0-Squares.bmp,projects/Sensore di Forza external/dataset/external_square/val/2-0-Squares.bmp,Sensore di Forza external,external_square,1533,1533,BMP,2355766,dataset,val,Yes,No,No,6,No,2025-09-30 09:08:39,2025-12-29 14:46:19.880979
9e77d4a2-d4f2-4f94-9017-7f3e6e4fcbc6,2-1-Squares.bmp,2-1-Squares.bmp,projects/Sensore di Forza external/dataset/external_square/train/2-1-Squares.bmp,Sensore di Forza external,external_square,1533,1533,BMP,2355766,dataset,train,Yes,No,No,6,No,2025-09-30 09:08:39,2025-12-29 14:46:20.025966
c91ee479-725d-408a-b11e-d66d9cd91e85,2-2-Squares.bmp,2-2-Squares.bmp,projects/Sensore di Forza external/dataset/external_square/train/2-2-Squares.bmp,Sensore di Forza external,external_square,1533,1533,BMP,2355766,dataset,train,Yes,No,No,6,No,2025-09-30 09:08:39,2025-12-29 14:46:20.038659
80b30a8c-0ea1-4259-9818-2869924f3612,2-3-Squares.bmp,2-3-Squares.bmp,projects/Sensore di Forza external/dataset/external_square/train/2-3-Squares.bmp,Sensore di Forza external,external_square,1533,1533,BMP,2355766,dataset,train,Yes,No,No,6,No,2025-09-30 09:08:39,2025-12-29 14:46:20.050693
3e09eed4-ee6f-4e5b-909c-cde7fc3bd4a5,0-Squares.bmp,0-Squares.bmp,projects/Sensore di Forza external/annotating/GOOD/0-Squares.bmp,Sensore di Forza external,GOOD,1533,1533,BMP,2355766,annotating,val,Yes,No,No,1,No,2025-09-30 12:17:11,2025-11-10 10:22:15.765539
1b16f119-da87-484c-8798-3dfa7b81a4a8,10-Squares.bmp,10-Squares.bmp,projects/Sensore di Forza external/annotating/GOOD/10-Squares.bmp,Sensore di Forza external,GOOD,1533,1533,BMP,2355766,annotating,train,Yes,No,No,1,No,2025-09-30 12:17:11,2025-11-10 10:22:15.780052
7dafc09a-8a87-4b01-8174-1daf89e9c256,12-Squares.bmp,12-Squares.bmp,projects/Sensore di Forza external/annotating/GOOD/12-Squares.bmp,Sensore di Forza external,GOOD,1533,1533,BMP,2355766,annotating,train,Yes,No,No,1,No,2025-09-30 12:17:11,2025-11-10 10:22:15.783050
56bb471e-9e32-4ca6-baa0-4f00e5a3ea75,13-Squares.bmp,13-Squares.bmp,projects/Sensore di Forza external/annotating/GOOD/13-Squares.bmp,Sensore di Forza external,GOOD,1533,1533,BMP,2355766,annotating,train,Yes,No,No,1,No,2025-09-30 12:17:11,2025-11-10 10:22:15.786559
276be545-acf8-4493-b41d-0bf878532e48,16-Squares.bmp,16-Squares.bmp,projects/Sensore di Forza external/annotating/GOOD/16-Squares.bmp,Sensore di Forza external,GOOD,1533,1533,BMP,2355766,annotating,val,Yes,No,No,1,No,2025-09-30 12:17:11,2025-11-10 10:22:15.789561
01420cce-1013-407f-a36c-c04a2388c958,17-Squares.bmp,17-Squares.bmp,projects/Sensore di Forza external/annotating/GOOD/17-Squares.bmp,Sensore di Forza external,GOOD,1533,1533,BMP,2355766,annotating,train,Yes,No,No,1,No,2025-09-30 12:17:11,2025-11-10 10:22:15.792561
dbc9ee4e-7981-44e0-92f6-6678d3880193,2-Squares.bmp,2-Squares.bmp,projects/Sensore di Forza external/annotating/GOOD/2-Squares.bmp,Sensore di Forza external,GOOD,1533,1533,BMP,2355766,annotating,train,Yes,No,No,1,No,2025-09-30 12:17:11,2025-11-10 10:22:15.768539
2cc9b8c4-c7b3-475e-b908-7cfab9784cbb,4-Squares.bmp,4-Squares.bmp,projects/Sensore di Forza external/annotating/GOOD/4-Squares.bmp,Sensore di Forza external,GOOD,1533,1533,BMP,2355766,annotating,val,Yes,No,No,1,No,2025-09-30 12:17:11,2025-11-10 10:22:15.771541
78901a38-0d44-4bcd-ab51-1ef567179a51,6-Squares.bmp,6-Squares.bmp,projects/Sensore di Forza external/annotating/GOOD/6-Squares.bmp,Sensore di Forza external,GOOD,1533,1533,BMP,2355766,annotating,train,Yes,No,No,1,No,2025-09-30 12:17:11,2025-11-10 10:22:15.774540
9e5af8cd-e4e3-41b2-8c4e-6a6fe7247a3e,8-Squares.bmp,8-Squares.bmp,projects/Sensore di Forza external/annotating/GOOD/8-Squares.bmp,Sensore di Forza external,GOOD,1533,1533,BMP,2355766,annotating,val,Yes,No,No,1,No,2025-09-30 12:17:11,2025-11-10 10:22:15.777540
63796518-0878-4773-925e-0d5d3458593e,0-0-Squares.bmp,0-0-Squares.bmp,projects/Sensore di Forza internal/dataset/internal_square/train/0-0-Squares.bmp,Sensore di Forza internal,internal_square,1550,1550,BMP,2406678,dataset,train,Yes,No,No,7,No,2025-09-29 13:27:16,2025-12-29 14:36:12.213034
357403f8-2a72-404f-858e-a16eba80718e,0-1-Squares.bmp,0-1-Squares.bmp,projects/Sensore di Forza internal/dataset/internal_square/val/0-1-Squares.bmp,Sensore di Forza internal,internal_square,1550,1550,BMP,2406678,dataset,val,Yes,No,No,7,No,2025-09-29 13:27:16,2025-12-29 14:36:12.227684
bc278fa6-56de-4e9f-87c6-30a0419d5a38,0-2-Squares.bmp,0-2-Squares.bmp,projects/Sensore di Forza internal/dataset/internal_square/train/0-2-Squares.bmp,Sensore di Forza internal,internal_square,1550,1550,BMP,2406678,dataset,train,Yes,No,No,7,No,2025-09-29 13:27:16,2025-12-29 14:36:12.247254
ccc924b0-d117-4ada-a90e-a0e4aa2ec683,0-3-Squares.bmp,0-3-Squares.bmp,projects/Sensore di Forza internal/dataset/internal_square/train/0-3-Squares.bmp,Sensore di Forza internal,internal_square,1550,1550,BMP,2406678,dataset,train,Yes,No,No,7,No,2025-09-29 13:27:16,2025-12-29 14:36:12.264912
344b6e14-a149-4964-b933-2bc162728f75,1-0-Squares.bmp,1-0-Squares.bmp,projects/Sensore di Forza internal/dataset/int2_square/train/1-0-Squares.bmp,Sensore di Forza internal,int2_square,1550,1550,BMP,2406678,dataset,train,Yes,No,No,6,No,2025-09-29 14:01:17,2025-09-30 08:01:28.970522
de381e44-328d-4334-8abe-e7028fdee141,1-1-Squares.bmp,1-1-Squares.bmp,projects/Sensore di Forza internal/dataset/int2_square/train/1-1-Squares.bmp,Sensore di Forza internal,int2_square,1550,1550,BMP,2406678,dataset,train,Yes,No,No,6,No,2025-09-29 14:01:18,2025-09-30 08:01:28.982037
b8f5b2b6-ca8b-4334-875a-df2490849626,1-2-Squares.bmp,1-2-Squares.bmp,projects/Sensore di Forza internal/dataset/int2_square/val/1-2-Squares.bmp,Sensore di Forza internal,int2_square,1550,1550,BMP,2406678,dataset,val,Yes,No,No,7,No,2025-09-29 14:01:18,2025-09-30 08:01:28.993036
c9fdea3b-f4df-4337-a19a-6be8c02dcb87,1-3-Squares.bmp,1-3-Squares.bmp,projects/Sensore di Forza internal/dataset/int2_square/train/1-3-Squares.bmp,Sensore di Forza internal,int2_square,1550,1550,BMP,2406678,dataset,train,Yes,No,No,7,No,2025-09-29 14:01:18,2025-09-30 08:01:29.004036
78133469-ab9c-4fcd-9fe4-f441c8f5fd81,2-0-Squares.bmp,2-0-Squares.bmp,projects/Sensore di Forza internal/dataset/int2_square/train/2-0-Squares.bmp,Sensore di Forza internal,int2_square,1550,1550,BMP,2406678,dataset,train,Yes,No,No,6,No,2025-09-29 14:01:18,2025-09-30 08:01:29.015041
580f8b1e-77bf-4caa-bbbb-855f2e1f3078,2-1-Squares.bmp,2-1-Squares.bmp,projects/Sensore di Forza internal/dataset/int2_square/val/2-1-Squares.bmp,Sensore di Forza internal,int2_square,1550,1550,BMP,2406678,dataset,val,Yes,No,No,6,No,2025-09-29 14:01:18,2025-09-30 08:01:29.025557
8b902b5c-6afa-4eff-9443-a78219aa5dd9,2-2-Squares.bmp,2-2-Squares.bmp,projects/Sensore di Forza internal/dataset/int2_square/train/2-2-Squares.bmp,Sensore di Forza internal,int2_square,1550,1550,BMP,2406678,dataset,train,Yes,No,No,6,No,2025-09-29 14:01:18,2025-09-30 08:01:29.039557
6a8c0261-e832-47ca-9f1a-e8cd6e70073f,2-3-Squares.bmp,2-3-Squares.bmp,projects/Sensore di Forza internal/dataset/int2_square/val/2-3-Squares.bmp,Sensore di Forza internal,int2_square,1550,1550,BMP,2406678,dataset,val,Yes,No,No,7,No,2025-09-29 14:01:18,2025-09-30 08:01:29.049557
f466c082-652f-4d33-b6d9-158478aee291,0-Squares.bmp,0-Squares.bmp,projects/Sensore di Forza internal/annotating/good/0-Squares.bmp,Sensore di Forza internal,good,1550,1550,BMP,2406678,annotating,train,Yes,No,No,1,No,2025-09-30 07:32:29,2025-11-05 08:23:37.370912
63313333-5404-403e-bf1a-6d570c0f823c,11-Squares.bmp,11-Squares.bmp,projects/Sensore di Forza internal/annotating/good/11-Squares.bmp,Sensore di Forza internal,good,1550,1550,BMP,2406678,annotating,train,Yes,No,No,1,No,2025-09-30 07:32:29,2025-09-30 07:40:59.234862
034c26f2-a0eb-4edf-8390-863640e35e77,13-Squares.bmp,13-Squares.bmp,projects/Sensore di Forza internal/annotating/good/13-Squares.bmp,Sensore di Forza internal,good,1550,1550,BMP,2406678,annotating,train,Yes,No,No,1,No,2025-09-30 07:32:29,2025-09-30 07:40:59.236862
90183458-0de6-403e-b9e2-ee6b0a7c79f4,14-Squares.bmp,14-Squares.bmp,projects/Sensore di Forza internal/annotating/good/14-Squares.bmp,Sensore di Forza internal,good,1550,1550,BMP,2406678,annotating,train,Yes,No,No,1,No,2025-09-30 07:32:29,2025-09-30 07:40:59.238862
945d3854-0f8c-4ca0-b0e5-a687898af1a3,16-Squares.bmp,16-Squares.bmp,projects/Sensore di Forza internal/annotating/good/16-Squares.bmp,Sensore di Forza internal,good,1550,1550,BMP,2406678,annotating,train,Yes,No,No,1,No,2025-09-30 07:32:29,2025-09-30 07:40:59.240865
b599a178-e585-45dd-aa04-4035712cce51,2-Squares.bmp,2-Squares.bmp,projects/Sensore di Forza internal/annotating/good/2-Squares.bmp,Sensore di Forza internal,good,1550,1550,BMP,2406678,annotating,train,Yes,No,No,1,No,2025-09-30 07:32:29,2025-11-05 08:23:52.290979
601fd1c0-e268-4731-bb2f-acd311d0f192,4-Squares.bmp,4-Squares.bmp,projects/Sensore di Forza internal/annotating/good/4-Squares.bmp,Sensore di Forza internal,good,1550,1550,BMP,2406678,annotating,train,Yes,No,No,1,No,2025-09-30 07:32:29,2025-11-05 08:22:06.232427
b2e78ceb-d548-47f9-ae6f-72728d7c0d48,6-Squares.bmp,6-Squares.bmp,projects/Sensore di Forza internal/annotating/good/6-Squares.bmp,Sensore di Forza internal,good,1550,1550,BMP,2406678,annotating,train,Yes,No,No,1,No,2025-09-30 07:32:29,2025-11-05 08:27:25.168193
3e405855-3fe9-4954-9eb1-ee6c1a94ec49,7-Squares.bmp,7-Squares.bmp,projects/Sensore di Forza internal/annotating/good/7-Squares.bmp,Sensore di Forza internal,good,1550,1550,BMP,2406678,annotating,train,Yes,No,No,1,No,2025-09-30 07:32:29,2025-11-05 08:24:05.529222
7b0c40ce-719e-4082-a48a-9deee22de174,9-Squares.bmp,9-Squares.bmp,projects/Sensore di Forza internal/annotating/good/9-Squares.bmp,Sensore di Forza internal,good,1550,1550,BMP,2406678,annotating,train,Yes,No,No,1,No,2025-09-30 07:32:29,2025-09-30 07:40:59.229862
64b82976-0661-4689-9e46-eabd28a36cde,20250506_205726_mp4-0002_jpg.rf.1883aeaadec2056393879d99936da3c2.jpg,20250506_205726_mp4-0002_jpg.rf.1883aeaadec2056393879d99936da3c2.jpg,projects/label/annotating/new/20250506_205726_mp4-0002_jpg.rf.1883aeaadec2056393879d99936da3c2.jpg,label,new,1080,1920,JPEG,220210,annotating,train,Yes,No,No,1,No,2026-03-31 13:19:21,2026-04-01 13:47:51.118204
fc737af3-76c2-4a0e-ac04-efef6a97c28c,20250506_205726_mp4-0008_jpg.rf.548a3818df22f91dce2eaf6c0171f390.jpg,20250506_205726_mp4-0008_jpg.rf.548a3818df22f91dce2eaf6c0171f390.jpg,projects/label/annotating/new/20250506_205726_mp4-0008_jpg.rf.548a3818df22f91dce2eaf6c0171f390.jpg,label,new,1080,1920,JPEG,247184,annotating,train,Yes,No,No,2,No,2026-03-31 13:19:21,2026-04-01 13:47:51.118204
0a499959-074b-4b8a-8300-e66bd04d2ad9,20250506_205726_mp4-0018_jpg.rf.b2aa14e0e0b05249012602a305956399.jpg,20250506_205726_mp4-0018_jpg.rf.b2aa14e0e0b05249012602a305956399.jpg,projects/label/annotating/new/20250506_205726_mp4-0018_jpg.rf.b2aa14e0e0b05249012602a305956399.jpg,label,new,1080,1920,JPEG,217694,annotating,train,No,No,No,0,No,2026-03-31 13:19:21,2026-04-01 14:32:11.189231
5c40da28-da19-4978-b7f4-7329c58999ed,20250506_205726_mp4-0022_jpg.rf.2d52b773a80ad1f7bc1cb8ca5932c868.jpg,20250506_205726_mp4-0022_jpg.rf.2d52b773a80ad1f7bc1cb8ca5932c868.jpg,projects/label/annotating/new/20250506_205726_mp4-0022_jpg.rf.2d52b773a80ad1f7bc1cb8ca5932c868.jpg,label,new,1080,1920,JPEG,233788,annotating,train,No,No,No,0,No,2026-03-31 13:19:21,2026-04-01 13:47:51.118204
a3eeaaa6-aa16-4c83-9aa1-0640739652f2,20250506_205726_mp4-0006_jpg.rf.b831bbbc680e76a3aefec76aa2e6d2e1.jpg,20250506_205726_mp4-0006_jpg.rf.b831bbbc680e76a3aefec76aa2e6d2e1.jpg,projects/label/annotating/two/20250506_205726_mp4-0006_jpg.rf.b831bbbc680e76a3aefec76aa2e6d2e1.jpg,label,two,1080,1920,JPEG,229797,annotating,val,Yes,No,No,1,No,2026-03-31 13:54:00,2026-04-01 13:50:37.787727
c4dc610e-981b-4870-befc-78bf5d720773,20250506_205726_mp4-0007_jpg.rf.6248ee53825df1f871145c0d836ee805.jpg,20250506_205726_mp4-0007_jpg.rf.6248ee53825df1f871145c0d836ee805.jpg,projects/label/annotating/two/20250506_205726_mp4-0007_jpg.rf.6248ee53825df1f871145c0d836ee805.jpg,label,two,1080,1920,JPEG,237619,annotating,train,Yes,No,No,1,No,2026-03-31 13:54:00,2026-04-01 13:50:37.787727
99d7a654-ab59-43dc-b8ca-d573aeec414d,205726_mp4-0010_jpg.rf.113c8464bb3a7be923f1d3d110daa7b0.jpg,20250506_205726_mp4-0010_jpg.rf.113c8464bb3a7be923f1d3d110daa7b0.jpg,projects/label/dataset/custom/train/205726_mp4-0010_jpg.rf.113c8464bb3a7be923f1d3d110daa7b0.jpg,label,custom,1080,1920,jpeg,241076,dataset,train,Yes,No,No,5,No,2026-04-01 12:30:46,2026-04-01 12:55:11.684688
f1f16b29-7edb-4295-9f5a-ed70ce067d40,205726_mp4-0011_jpg.rf.77908508d9df214317e55f52ef57df43.jpg,20250506_205726_mp4-0011_jpg.rf.77908508d9df214317e55f52ef57df43.jpg,projects/label/dataset/custom/test/205726_mp4-0011_jpg.rf.77908508d9df214317e55f52ef57df43.jpg,label,custom,1080,1920,jpeg,231407,dataset,test,Yes,No,No,4,No,2026-04-01 12:30:46,2026-04-01 12:55:11.703713
98bf8406-2906-43a7-a00a-132ed98991c6,205726_mp4-0013_jpg.rf.b1eacb08c648f419ff0f9aa8826f3be8.jpg,20250506_205726_mp4-0013_jpg.rf.b1eacb08c648f419ff0f9aa8826f3be8.jpg,projects/label/dataset/custom/val/205726_mp4-0013_jpg.rf.b1eacb08c648f419ff0f9aa8826f3be8.jpg,label,custom,1080,1920,jpeg,216241,dataset,val,Yes,No,No,3,No,2026-04-01 12:30:46,2026-04-01 12:55:11.720238
5b8577a2-1bd3-4b5c-8242-c36de7007425,205726_mp4-0014_jpg.rf.9b4e774b424e761ac5aed67dd9d1afb6.jpg,20250506_205726_mp4-0014_jpg.rf.9b4e774b424e761ac5aed67dd9d1afb6.jpg,projects/label/dataset/custom/val/205726_mp4-0014_jpg.rf.9b4e774b424e761ac5aed67dd9d1afb6.jpg,label,custom,1080,1920,jpeg,169232,dataset,val,Yes,No,No,3,No,2026-04-01 12:30:46,2026-04-01 12:55:11.734267
d1a02829-44da-482a-b4db-6c6c88b3e0f8,205726_mp4-0015_jpg.rf.1b77615ead586b28c90040c517b1a42c.jpg,20250506_205726_mp4-0015_jpg.rf.1b77615ead586b28c90040c517b1a42c.jpg,projects/label/dataset/custom/train/205726_mp4-0015_jpg.rf.1b77615ead586b28c90040c517b1a42c.jpg,label,custom,1080,1920,jpeg,205482,dataset,train,Yes,No,No,5,No,2026-04-01 12:30:46,2026-04-01 12:55:11.748784
63dec649-8717-4847-bffd-55299346d340,205726_mp4-0016_jpg.rf.05d69983fa2be7ce740a99dc59d7426d.jpg,20250506_205726_mp4-0016_jpg.rf.05d69983fa2be7ce740a99dc59d7426d.jpg,projects/label/dataset/custom/val/205726_mp4-0016_jpg.rf.05d69983fa2be7ce740a99dc59d7426d.jpg,label,custom,1080,1920,jpeg,235557,dataset,val,Yes,No,No,5,No,2026-04-01 12:30:46,2026-04-01 12:55:11.764310
068b4d5c-cd22-43f8-a7c3-a244e4433399,205726_mp4-0017_jpg.rf.c0b8087c85b874f978e5cf78569d118e.jpg,20250506_205726_mp4-0017_jpg.rf.c0b8087c85b874f978e5cf78569d118e.jpg,projects/label/dataset/custom/train/205726_mp4-0017_jpg.rf.c0b8087c85b874f978e5cf78569d118e.jpg,label,custom,1080,1920,jpeg,219841,dataset,train,Yes,No,No,7,No,2026-04-01 12:30:46,2026-04-01 12:55:11.778834
96285942-d8de-443d-92b6-e635174d9cc4,205726_mp4-0020_jpg.rf.2f0f5bb424f666d2632298102f832284.jpg,20250506_205726_mp4-0020_jpg.rf.2f0f5bb424f666d2632298102f832284.jpg,projects/label/dataset/custom/test/205726_mp4-0020_jpg.rf.2f0f5bb424f666d2632298102f832284.jpg,label,custom,1080,1920,jpeg,219460,dataset,test,Yes,No,No,5,No,2026-04-01 12:30:46,2026-04-01 12:55:11.793862
300bab18-1abc-4b18-8e32-c867eb3c7d2f,205726_mp4-0021_jpg.rf.b0414ddea3aef15ea858b783f295ede8.jpg,20250506_205726_mp4-0021_jpg.rf.b0414ddea3aef15ea858b783f295ede8.jpg,projects/label/dataset/custom/train/205726_mp4-0021_jpg.rf.b0414ddea3aef15ea858b783f295ede8.jpg,label,custom,1080,1920,jpeg,232500,dataset,train,Yes,No,No,4,No,2026-04-01 12:30:46,2026-04-01 12:55:11.807380
b2871d84-247e-4c4f-8e40-cde97f1cdf55,205726_mp4-0023_jpg.rf.66c8963ff30f51cc4b629cc474e9d159.jpg,20250506_205726_mp4-0023_jpg.rf.66c8963ff30f51cc4b629cc474e9d159.jpg,projects/label/dataset/custom/train/205726_mp4-0023_jpg.rf.66c8963ff30f51cc4b629cc474e9d159.jpg,label,custom,1080,1920,jpeg,242955,dataset,train,Yes,No,No,4,No,2026-04-01 12:30:46,2026-04-01 12:55:11.821411
f0b61699-fe97-4d8e-a28b-509067dc817f,205726_mp4-0024_jpg.rf.ec8dbb73efee8dfb71dde3bf0b02d6bd.jpg,20250506_205726_mp4-0024_jpg.rf.ec8dbb73efee8dfb71dde3bf0b02d6bd.jpg,projects/label/dataset/custom/train/205726_mp4-0024_jpg.rf.ec8dbb73efee8dfb71dde3bf0b02d6bd.jpg,label,custom,1080,1920,jpeg,255354,dataset,train,Yes,No,No,5,No,2026-04-01 12:30:46,2026-04-01 12:55:11.834935
1d6a2f03-042e-4d55-8dab-0db08c75bc9d,205726_mp4-0025_jpg.rf.b9054f10318044b9f7c6da1d2320d68a.jpg,20250506_205726_mp4-0025_jpg.rf.b9054f10318044b9f7c6da1d2320d68a.jpg,projects/label/dataset/custom/val/205726_mp4-0025_jpg.rf.b9054f10318044b9f7c6da1d2320d68a.jpg,label,custom,1080,1920,jpeg,244696,dataset,val,Yes,No,No,5,No,2026-04-01 12:30:46,2026-04-01 12:55:11.849394
67fa7b3b-e7bd-4c78-8bb0-90b2ce3b9575,205726_mp4-0026_jpg.rf.decf3e4363848a01bae03d7600dee088.jpg,20250506_205726_mp4-0026_jpg.rf.decf3e4363848a01bae03d7600dee088.jpg,projects/label/dataset/custom/train/205726_mp4-0026_jpg.rf.decf3e4363848a01bae03d7600dee088.jpg,label,custom,1080,1920,jpeg,214515,dataset,train,Yes,No,No,5,No,2026-04-01 12:30:46,2026-04-01 12:55:11.863194
6752e202-eb3a-4550-acd2-d10808f64006,205726_mp4-0027_jpg.rf.06032f1f9ddebdba831006d5dd468cba.jpg,20250506_205726_mp4-0027_jpg.rf.06032f1f9ddebdba831006d5dd468cba.jpg,projects/label/dataset/custom/train/205726_mp4-0027_jpg.rf.06032f1f9ddebdba831006d5dd468cba.jpg,label,custom,1080,1920,jpeg,219799,dataset,train,Yes,No,No,4,No,2026-04-01 12:30:46,2026-04-01 12:55:11.877225
f8cb5308-5103-4869-a453-29e05fb81cb2,205726_mp4-0032_jpg.rf.4bb518cbcbb8a55a0419158b3a98a4ed.jpg,20250506_205726_mp4-0032_jpg.rf.4bb518cbcbb8a55a0419158b3a98a4ed.jpg,projects/label/dataset/custom/train/205726_mp4-0032_jpg.rf.4bb518cbcbb8a55a0419158b3a98a4ed.jpg,label,custom,1080,1920,jpeg,215051,dataset,train,Yes,No,No,3,No,2026-04-01 12:30:46,2026-04-01 12:55:11.891738
97802a72-9f61-42cd-a8fa-fdd6db397d88,205726_mp4-0035_jpg.rf.10eadcc48afaafba16c6cefa531506e5.jpg,20250506_205726_mp4-0035_jpg.rf.10eadcc48afaafba16c6cefa531506e5.jpg,projects/label/dataset/custom/train/205726_mp4-0035_jpg.rf.10eadcc48afaafba16c6cefa531506e5.jpg,label,custom,1080,1920,jpeg,242589,dataset,train,Yes,No,No,4,No,2026-04-01 12:30:46,2026-04-01 12:55:11.905768
2bfda391-ffb4-4f25-9c35-33619077f17d,205726_mp4-0036_jpg.rf.78cdbca486089e99f583f65de5404784.jpg,20250506_205726_mp4-0036_jpg.rf.78cdbca486089e99f583f65de5404784.jpg,projects/label/dataset/custom/val/205726_mp4-0036_jpg.rf.78cdbca486089e99f583f65de5404784.jpg,label,custom,1080,1920,jpeg,238743,dataset,val,Yes,No,No,4,No,2026-04-01 12:30:46,2026-04-01 12:55:11.920292
687ef1b4-c7ce-4d36-a6d9-25f49fe8cac4,205726_mp4-0041_jpg.rf.b327bfd13afc80121e4cabd9d430f7aa.jpg,20250506_205726_mp4-0041_jpg.rf.b327bfd13afc80121e4cabd9d430f7aa.jpg,projects/label/dataset/custom/test/205726_mp4-0041_jpg.rf.b327bfd13afc80121e4cabd9d430f7aa.jpg,label,custom,1080,1920,jpeg,248716,dataset,test,Yes,No,No,4,No,2026-04-01 12:30:46,2026-04-01 12:55:11.935326
9f59e92e-009b-4f94-8ec8-dc2226b716dc,205726_mp4-0043_jpg.rf.6fbdcef4d57d0608b863041365b11e2b.jpg,20250506_205726_mp4-0043_jpg.rf.6fbdcef4d57d0608b863041365b11e2b.jpg,projects/label/dataset/custom/val/205726_mp4-0043_jpg.rf.6fbdcef4d57d0608b863041365b11e2b.jpg,label,custom,1080,1920,jpeg,263027,dataset,val,Yes,No,No,5,No,2026-04-01 12:30:46,2026-04-01 12:55:11.948839
3f9a9c28-866e-4ecc-99b1-b1b445cdc003,205726_mp4-0046_jpg.rf.d6f454c827884d6a41cf2ff00ed0976b.jpg,20250506_205726_mp4-0046_jpg.rf.d6f454c827884d6a41cf2ff00ed0976b.jpg,projects/label/dataset/custom/train/205726_mp4-0046_jpg.rf.d6f454c827884d6a41cf2ff00ed0976b.jpg,label,custom,1080,1920,jpeg,258533,dataset,train,Yes,No,No,4,No,2026-04-01 12:30:46,2026-04-01 12:55:11.962859
de12f5a5-ad77-4751-8b72-f18b33f1c05d,205726_mp4-0050_jpg.rf.e255bc2426cdd1e5eeedea4d4282d845.jpg,20250506_205726_mp4-0050_jpg.rf.e255bc2426cdd1e5eeedea4d4282d845.jpg,projects/label/dataset/custom/train/205726_mp4-0050_jpg.rf.e255bc2426cdd1e5eeedea4d4282d845.jpg,label,custom,1080,1920,jpeg,272685,dataset,train,Yes,No,No,5,No,2026-04-01 12:30:46,2026-04-01 12:55:11.976883
5392acb3-43c1-4ac5-a451-4bcf00e5b99a,205726_mp4-0051_jpg.rf.4490579f53a5bf2442853ada21c745e4.jpg,20250506_205726_mp4-0051_jpg.rf.4490579f53a5bf2442853ada21c745e4.jpg,projects/label/dataset/custom/test/205726_mp4-0051_jpg.rf.4490579f53a5bf2442853ada21c745e4.jpg,label,custom,1080,1920,jpeg,262472,dataset,test,Yes,No,No,5,No,2026-04-01 12:30:46,2026-04-01 12:55:11.991903
e801875b-9939-4585-8342-56d69942c850,205726_mp4-0052_jpg.rf.4090de0dd3c92231e528dfa88069210f.jpg,20250506_205726_mp4-0052_jpg.rf.4090de0dd3c92231e528dfa88069210f.jpg,projects/label/dataset/custom/test/205726_mp4-0052_jpg.rf.4090de0dd3c92231e528dfa88069210f.jpg,label,custom,1080,1920,jpeg,274907,dataset,test,Yes,No,No,5,No,2026-04-01 12:30:46,2026-04-01 12:55:12.006433
c7f1d191-dfeb-4337-9eac-b4f4f354aeee,205726_mp4-0054_jpg.rf.a9706c6e73a61c6a55a2c85a4d81a27b.jpg,20250506_205726_mp4-0054_jpg.rf.a9706c6e73a61c6a55a2c85a4d81a27b.jpg,projects/label/dataset/custom/train/205726_mp4-0054_jpg.rf.a9706c6e73a61c6a55a2c85a4d81a27b.jpg,label,custom,1080,1920,jpeg,223619,dataset,train,Yes,No,No,5,No,2026-04-01 12:30:46,2026-04-01 12:55:12.021467
e12ee6bf-2587-4651-98e5-78e08ea01f39,205726_mp4-0055_jpg.rf.b7b1acef50648ef06a4e677ce33d9e53.jpg,20250506_205726_mp4-0055_jpg.rf.b7b1acef50648ef06a4e677ce33d9e53.jpg,projects/label/dataset/custom/val/205726_mp4-0055_jpg.rf.b7b1acef50648ef06a4e677ce33d9e53.jpg,label,custom,1080,1920,jpeg,231695,dataset,val,Yes,No,No,6,No,2026-04-01 12:30:46,2026-04-01 12:55:12.035991
3ddf3717-1000-4adb-94a6-d0bd4c9012c7,205726_mp4-0056_jpg.rf.46bf56b7d1e6a715c1d38192eb6bffb7.jpg,20250506_205726_mp4-0056_jpg.rf.46bf56b7d1e6a715c1d38192eb6bffb7.jpg,projects/label/dataset/custom/train/205726_mp4-0056_jpg.rf.46bf56b7d1e6a715c1d38192eb6bffb7.jpg,label,custom,1080,1920,jpeg,186026,dataset,train,Yes,No,No,2,No,2026-04-01 12:30:46,2026-04-01 12:55:12.050506
62a02b4e-1e2f-4933-8ec0-f8a3cd3daf05,205726_mp4-0057_jpg.rf.c5509068df34c4a1036cdf48470ffb33.jpg,20250506_205726_mp4-0057_jpg.rf.c5509068df34c4a1036cdf48470ffb33.jpg,projects/label/dataset/custom/test/205726_mp4-0057_jpg.rf.c5509068df34c4a1036cdf48470ffb33.jpg,label,custom,1080,1920,jpeg,191274,dataset,test,Yes,No,No,3,No,2026-04-01 12:30:46,2026-04-01 12:55:12.064535
23d55931-8b33-4398-af7e-6e732b82f5a7,205726_mp4-0060_jpg.rf.5c341b1f4a0c32417e8edd5db7a7a17e.jpg,20250506_205726_mp4-0060_jpg.rf.5c341b1f4a0c32417e8edd5db7a7a17e.jpg,projects/label/dataset/custom/train/205726_mp4-0060_jpg.rf.5c341b1f4a0c32417e8edd5db7a7a17e.jpg,label,custom,1080,1920,jpeg,192952,dataset,train,Yes,No,No,3,No,2026-04-01 12:30:46,2026-04-01 12:55:12.077564
116b881a-0a05-409d-9274-331b6d0a3990,205726_mp4-0062_jpg.rf.99465fdba20f80243af4ed78557cbd63.jpg,20250506_205726_mp4-0062_jpg.rf.99465fdba20f80243af4ed78557cbd63.jpg,projects/label/dataset/custom/train/205726_mp4-0062_jpg.rf.99465fdba20f80243af4ed78557cbd63.jpg,label,custom,1080,1920,jpeg,192064,dataset,train,Yes,No,No,3,No,2026-04-01 12:30:46,2026-04-01 12:55:12.092590
7a7265de-3b12-4041-857b-2c1322a357f4,205726_mp4-0063_jpg.rf.99ab8c7ec0a945d2932c1497478cd1f7.jpg,20250506_205726_mp4-0063_jpg.rf.99ab8c7ec0a945d2932c1497478cd1f7.jpg,projects/label/dataset/custom/train/205726_mp4-0063_jpg.rf.99ab8c7ec0a945d2932c1497478cd1f7.jpg,label,custom,1080,1920,jpeg,182987,dataset,train,Yes,No,No,3,No,2026-04-01 12:30:46,2026-04-01 12:55:12.106114
31b7bbb5-331d-438c-ab4d-c9e3e8b79dde,205726_mp4-0064_jpg.rf.9872e467d7fbe863089a52d44db36899.jpg,20250506_205726_mp4-0064_jpg.rf.9872e467d7fbe863089a52d44db36899.jpg,projects/label/dataset/custom/val/205726_mp4-0064_jpg.rf.9872e467d7fbe863089a52d44db36899.jpg,label,custom,1080,1920,jpeg,211780,dataset,val,Yes,No,No,3,No,2026-04-01 12:30:46,2026-04-01 12:55:12.120637
9600c4a7-8552-4a0c-8d23-af5eee39c185,205726_mp4-0066_jpg.rf.8d1c9db606c58268136042d4b9d7a5c4.jpg,20250506_205726_mp4-0066_jpg.rf.8d1c9db606c58268136042d4b9d7a5c4.jpg,projects/label/dataset/custom/train/205726_mp4-0066_jpg.rf.8d1c9db606c58268136042d4b9d7a5c4.jpg,label,custom,1080,1920,jpeg,187624,dataset,train,Yes,No,No,3,No,2026-04-01 12:30:46,2026-04-01 12:55:12.134173
5d2a2c40-814d-4005-81f2-35f3b9ac5c26,205726_mp4-0067_jpg.rf.21e249f0323b4a67cd9f885d9c5321ee.jpg,20250506_205726_mp4-0067_jpg.rf.21e249f0323b4a67cd9f885d9c5321ee.jpg,projects/label/dataset/custom/test/205726_mp4-0067_jpg.rf.21e249f0323b4a67cd9f885d9c5321ee.jpg,label,custom,1080,1920,jpeg,204704,dataset,test,Yes,No,No,3,No,2026-04-01 12:30:46,2026-04-01 12:55:12.148197
9ffd8af1-ef81-4a00-aa1f-05534a1d0411,205726_mp4-0072_jpg.rf.009a1fc55d4ea24b3476a9713607b3f3.jpg,20250506_205726_mp4-0072_jpg.rf.009a1fc55d4ea24b3476a9713607b3f3.jpg,projects/label/dataset/custom/train/205726_mp4-0072_jpg.rf.009a1fc55d4ea24b3476a9713607b3f3.jpg,label,custom,1080,1920,jpeg,193140,dataset,train,Yes,No,No,5,No,2026-04-01 12:30:46,2026-04-01 12:55:12.163219
569ab1b7-4206-4fa1-958e-1d263cb57145,205726_mp4-0080_jpg.rf.62e4157946aba0e230be4cada0855186.jpg,20250506_205726_mp4-0080_jpg.rf.62e4157946aba0e230be4cada0855186.jpg,projects/label/dataset/custom/val/205726_mp4-0080_jpg.rf.62e4157946aba0e230be4cada0855186.jpg,label,custom,1080,1920,jpeg,191248,dataset,val,Yes,No,No,4,No,2026-04-01 12:30:46,2026-04-01 12:55:12.177247
942e3a15-2e03-421b-97ad-9ce8ae508b75,205726_mp4-0086_jpg.rf.bb0c1315007a340dee912190abf57e02.jpg,20250506_205726_mp4-0086_jpg.rf.bb0c1315007a340dee912190abf57e02.jpg,projects/label/dataset/custom/train/205726_mp4-0086_jpg.rf.bb0c1315007a340dee912190abf57e02.jpg,label,custom,1080,1920,jpeg,209286,dataset,train,Yes,No,No,5,No,2026-04-01 12:30:46,2026-04-01 12:55:12.190761
75784d94-1349-45ab-851f-29e7fd3619a7,205726_mp4-0087_jpg.rf.5162e5211181be404b22dbd384262f33.jpg,20250506_205726_mp4-0087_jpg.rf.5162e5211181be404b22dbd384262f33.jpg,projects/label/dataset/custom/val/205726_mp4-0087_jpg.rf.5162e5211181be404b22dbd384262f33.jpg,label,custom,1080,1920,jpeg,194221,dataset,val,Yes,No,No,4,No,2026-04-01 12:30:46,2026-04-01 12:55:12.204788
4a15a2d4-5809-471b-87f1-e8c18f0a5c90,205726_mp4-0089_jpg.rf.1e2dd86a21d459221f2f171932d32492.jpg,20250506_205726_mp4-0089_jpg.rf.1e2dd86a21d459221f2f171932d32492.jpg,projects/label/dataset/custom/train/205726_mp4-0089_jpg.rf.1e2dd86a21d459221f2f171932d32492.jpg,label,custom,1080,1920,jpeg,193629,dataset,train,Yes,No,No,4,No,2026-04-01 12:30:46,2026-04-01 12:55:12.219311
0aef0d43-3e1b-4d30-bea0-940dfec3579a,205726_mp4-0090_jpg.rf.0b4fa9bc533d4768377eded7c3ebcbfc.jpg,20250506_205726_mp4-0090_jpg.rf.0b4fa9bc533d4768377eded7c3ebcbfc.jpg,projects/label/dataset/custom/val/205726_mp4-0090_jpg.rf.0b4fa9bc533d4768377eded7c3ebcbfc.jpg,label,custom,1080,1920,jpeg,203936,dataset,val,Yes,No,No,4,No,2026-04-01 12:30:46,2026-04-01 12:55:12.233338
582e536b-17d6-4d40-b5a5-6ed69247f82d,205726_mp4-0091_jpg.rf.e2ba7e216bd6b100b013173dc5dfa259.jpg,20250506_205726_mp4-0091_jpg.rf.e2ba7e216bd6b100b013173dc5dfa259.jpg,projects/label/dataset/custom/test/205726_mp4-0091_jpg.rf.e2ba7e216bd6b100b013173dc5dfa259.jpg,label,custom,1080,1920,jpeg,175064,dataset,test,Yes,No,No,3,No,2026-04-01 12:30:46,2026-04-01 12:55:12.248861
d91f6e80-6584-462c-b993-32b037c74047,205726_mp4-0092_jpg.rf.2b5cf2507b4eab6e427e5d1c77b46cf2.jpg,20250506_205726_mp4-0092_jpg.rf.2b5cf2507b4eab6e427e5d1c77b46cf2.jpg,projects/label/dataset/custom/train/205726_mp4-0092_jpg.rf.2b5cf2507b4eab6e427e5d1c77b46cf2.jpg,label,custom,1080,1920,jpeg,173002,dataset,train,Yes,No,No,4,No,2026-04-01 12:30:46,2026-04-01 12:55:12.262883
8cf22c67-cab4-4da0-a689-ecac69cb2161,205726_mp4-0094_jpg.rf.4a358e6dc6ab1123453876a444083193.jpg,20250506_205726_mp4-0094_jpg.rf.4a358e6dc6ab1123453876a444083193.jpg,projects/label/dataset/custom/train/205726_mp4-0094_jpg.rf.4a358e6dc6ab1123453876a444083193.jpg,label,custom,1080,1920,jpeg,204697,dataset,train,Yes,No,No,4,No,2026-04-01 12:30:46,2026-04-01 12:55:12.276906
ff02a30a-d207-4a06-8d1f-9dc2a0148def,205726_mp4-0098_jpg.rf.c5734e67d664c84730467877513ae309.jpg,20250506_205726_mp4-0098_jpg.rf.c5734e67d664c84730467877513ae309.jpg,projects/label/dataset/custom/train/205726_mp4-0098_jpg.rf.c5734e67d664c84730467877513ae309.jpg,label,custom,1080,1920,jpeg,194549,dataset,train,Yes,No,No,3,No,2026-04-01 12:30:46,2026-04-01 12:55:12.290420
eed2e883-4e50-4754-8176-123df29e456d,205726_mp4-0101_jpg.rf.775ecdc6dd3acbfac33e1fb061cff4d3.jpg,20250506_205726_mp4-0101_jpg.rf.775ecdc6dd3acbfac33e1fb061cff4d3.jpg,projects/label/dataset/custom/train/205726_mp4-0101_jpg.rf.775ecdc6dd3acbfac33e1fb061cff4d3.jpg,label,custom,1080,1920,jpeg,201064,dataset,train,Yes,No,No,3,No,2026-04-01 12:30:46,2026-04-01 12:55:12.304447
df19320e-23a3-4dd6-abe0-f6b669c78fa9,205726_mp4-0102_jpg.rf.48497d4d0e448c6a7f5bd2586c3850d7.jpg,20250506_205726_mp4-0102_jpg.rf.48497d4d0e448c6a7f5bd2586c3850d7.jpg,projects/label/dataset/custom/val/205726_mp4-0102_jpg.rf.48497d4d0e448c6a7f5bd2586c3850d7.jpg,label,custom,1080,1920,jpeg,200881,dataset,val,Yes,No,No,3,No,2026-04-01 12:30:46,2026-04-01 12:55:12.326549
a098c297-bb58-4b23-a53a-c2d40494db50,205726_mp4-0108_jpg.rf.533e859a6bbff8ecd66cb7a559d8761e.jpg,20250506_205726_mp4-0108_jpg.rf.533e859a6bbff8ecd66cb7a559d8761e.jpg,projects/label/dataset/custom/train/205726_mp4-0108_jpg.rf.533e859a6bbff8ecd66cb7a559d8761e.jpg,label,custom,1080,1920,jpeg,204421,dataset,train,Yes,No,No,4,No,2026-04-01 12:30:46,2026-04-01 12:55:12.340063
b4f504e0-7638-458a-ab28-8fba77f9fc6f,205726_mp4-0109_jpg.rf.20b797c44b9ab984b4c9ee416d1cce1d.jpg,20250506_205726_mp4-0109_jpg.rf.20b797c44b9ab984b4c9ee416d1cce1d.jpg,projects/label/dataset/custom/val/205726_mp4-0109_jpg.rf.20b797c44b9ab984b4c9ee416d1cce1d.jpg,label,custom,1080,1920,jpeg,219002,dataset,val,Yes,No,No,4,No,2026-04-01 12:30:47,2026-04-01 12:55:12.354089
22bcdcd7-d8b6-4a3f-a568-120a2952aade,205726_mp4-0111_jpg.rf.5417a11de903bcfbc46de38ad78d09dc.jpg,20250506_205726_mp4-0111_jpg.rf.5417a11de903bcfbc46de38ad78d09dc.jpg,projects/label/dataset/custom/train/205726_mp4-0111_jpg.rf.5417a11de903bcfbc46de38ad78d09dc.jpg,label,custom,1080,1920,jpeg,222945,dataset,train,Yes,No,No,4,No,2026-04-01 12:30:47,2026-04-01 12:55:12.369108
5a66898b-3e98-4695-99a8-43b2960b544d,205726_mp4-0112_jpg.rf.15b941d79057dd42f5fdc2ad7961ec07.jpg,20250506_205726_mp4-0112_jpg.rf.15b941d79057dd42f5fdc2ad7961ec07.jpg,projects/label/dataset/custom/train/205726_mp4-0112_jpg.rf.15b941d79057dd42f5fdc2ad7961ec07.jpg,label,custom,1080,1920,jpeg,212894,dataset,train,Yes,No,No,4,No,2026-04-01 12:30:47,2026-04-01 12:55:12.384142
5ccae9e8-c6ef-402a-8cf9-7be0d8356190,205726_mp4-0114_jpg.rf.78d995bddc80fe52e3738fe7fc4b3e12.jpg,20250506_205726_mp4-0114_jpg.rf.78d995bddc80fe52e3738fe7fc4b3e12.jpg,projects/label/dataset/custom/train/205726_mp4-0114_jpg.rf.78d995bddc80fe52e3738fe7fc4b3e12.jpg,label,custom,1080,1920,jpeg,218423,dataset,train,Yes,No,No,4,No,2026-04-01 12:30:47,2026-04-01 12:55:12.398661
ae05f695-9d2c-4205-8979-34dc84e30abf,205726_mp4-0116_jpg.rf.d987e284f02568b3e2b2726ea041d2c2.jpg,20250506_205726_mp4-0116_jpg.rf.d987e284f02568b3e2b2726ea041d2c2.jpg,projects/label/dataset/custom/train/205726_mp4-0116_jpg.rf.d987e284f02568b3e2b2726ea041d2c2.jpg,label,custom,1080,1920,jpeg,227244,dataset,train,Yes,No,No,4,No,2026-04-01 12:30:47,2026-04-01 12:55:12.412183
560676c1-ebb0-4607-b2d8-8dff7b0940e9,205726_mp4-0117_jpg.rf.4bace17c5fa5156695fe545c316c1f13.jpg,20250506_205726_mp4-0117_jpg.rf.4bace17c5fa5156695fe545c316c1f13.jpg,projects/label/dataset/custom/train/205726_mp4-0117_jpg.rf.4bace17c5fa5156695fe545c316c1f13.jpg,label,custom,1080,1920,jpeg,224761,dataset,train,Yes,No,No,4,No,2026-04-01 12:30:47,2026-04-01 12:55:12.426217
3df8354f-3d2f-48f8-a90f-e56b2560b208,205726_mp4-0118_jpg.rf.4f8c3ecda1e83bca73d1ca65f64db085.jpg,20250506_205726_mp4-0118_jpg.rf.4f8c3ecda1e83bca73d1ca65f64db085.jpg,projects/label/dataset/custom/train/205726_mp4-0118_jpg.rf.4f8c3ecda1e83bca73d1ca65f64db085.jpg,label,custom,1080,1920,jpeg,224408,dataset,train,Yes,No,No,4,No,2026-04-01 12:30:47,2026-04-01 12:55:12.440731
0f00d9b0-b6bd-4aff-9eff-924414e85fa4,205726_mp4-0120_jpg.rf.6f0bee32fef6b862720294a19dbd4d29.jpg,20250506_205726_mp4-0120_jpg.rf.6f0bee32fef6b862720294a19dbd4d29.jpg,projects/label/dataset/custom/train/205726_mp4-0120_jpg.rf.6f0bee32fef6b862720294a19dbd4d29.jpg,label,custom,1080,1920,jpeg,240443,dataset,train,Yes,No,No,3,No,2026-04-01 12:30:47,2026-04-01 12:55:12.453756
c4c9b488-c703-4c8c-91fe-5a9b1be61369,205726_mp4-0123_jpg.rf.bdaf4adbcf30d23a6b33b4dfd5b288ce.jpg,20250506_205726_mp4-0123_jpg.rf.bdaf4adbcf30d23a6b33b4dfd5b288ce.jpg,projects/label/dataset/custom/train/205726_mp4-0123_jpg.rf.bdaf4adbcf30d23a6b33b4dfd5b288ce.jpg,label,custom,1080,1920,jpeg,256087,dataset,train,Yes,No,No,3,No,2026-04-01 12:30:47,2026-04-01 12:55:12.467771
54f01110-a0a7-437e-8bcf-e8ea80d3cc3e,205726_mp4-0126_jpg.rf.2484978723e93b930ae26b04db485f0a.jpg,20250506_205726_mp4-0126_jpg.rf.2484978723e93b930ae26b04db485f0a.jpg,projects/label/dataset/custom/train/205726_mp4-0126_jpg.rf.2484978723e93b930ae26b04db485f0a.jpg,label,custom,1080,1920,jpeg,263616,dataset,train,Yes,No,No,4,No,2026-04-01 12:30:47,2026-04-01 12:55:12.481791
87698e26-129c-4984-9112-2089a56058c3,205726_mp4-0127_jpg.rf.7492700b0cff5e72fc71ab74d9aec0b9.jpg,20250506_205726_mp4-0127_jpg.rf.7492700b0cff5e72fc71ab74d9aec0b9.jpg,projects/label/dataset/custom/test/205726_mp4-0127_jpg.rf.7492700b0cff5e72fc71ab74d9aec0b9.jpg,label,custom,1080,1920,jpeg,267064,dataset,test,Yes,No,No,4,No,2026-04-01 12:30:47,2026-04-01 12:55:12.496313
15ce6cc7-bbcf-4c95-93a5-14fc25d1699e,205726_mp4-0128_jpg.rf.b7346892b2f191eaa4af3ec2e05ecdb4.jpg,20250506_205726_mp4-0128_jpg.rf.b7346892b2f191eaa4af3ec2e05ecdb4.jpg,projects/label/dataset/custom/val/205726_mp4-0128_jpg.rf.b7346892b2f191eaa4af3ec2e05ecdb4.jpg,label,custom,1080,1920,jpeg,271765,dataset,val,Yes,No,No,4,No,2026-04-01 12:30:47,2026-04-01 12:55:12.510335
457a313f-a34d-42de-b2b9-1cb6f4dcfd07,205726_mp4-0135_jpg.rf.b53bc5776cad64e70bb467bf09faec56.jpg,20250506_205726_mp4-0135_jpg.rf.b53bc5776cad64e70bb467bf09faec56.jpg,projects/label/dataset/custom/train/205726_mp4-0135_jpg.rf.b53bc5776cad64e70bb467bf09faec56.jpg,label,custom,1080,1920,jpeg,204478,dataset,train,Yes,No,No,4,No,2026-04-01 12:30:47,2026-04-01 12:55:12.526872
85446ca8-8c68-4ece-9b2c-e12489bd6090,205726_mp4-0138_jpg.rf.6e8d6c8ed50bcdcf169141427896353c.jpg,20250506_205726_mp4-0138_jpg.rf.6e8d6c8ed50bcdcf169141427896353c.jpg,projects/label/dataset/custom/train/205726_mp4-0138_jpg.rf.6e8d6c8ed50bcdcf169141427896353c.jpg,label,custom,1080,1920,jpeg,197400,dataset,train,Yes,No,No,6,No,2026-04-01 12:30:47,2026-04-01 12:55:12.541382
b0512a2a-5b27-4c2a-b653-7e5e5d9144fe,205726_mp4-0139_jpg.rf.9f2e01bff72ed1dd093b3553dfe2d99c.jpg,20250506_205726_mp4-0139_jpg.rf.9f2e01bff72ed1dd093b3553dfe2d99c.jpg,projects/label/dataset/custom/val/205726_mp4-0139_jpg.rf.9f2e01bff72ed1dd093b3553dfe2d99c.jpg,label,custom,1080,1920,jpeg,187385,dataset,val,Yes,No,No,3,No,2026-04-01 12:30:47,2026-04-01 12:55:12.554404
dc5fd2f8-7a30-447e-b342-697e54e8a535,205726_mp4-0140_jpg.rf.981af6a173fe737264cc470a67838ab0.jpg,20250506_205726_mp4-0140_jpg.rf.981af6a173fe737264cc470a67838ab0.jpg,projects/label/dataset/custom/val/205726_mp4-0140_jpg.rf.981af6a173fe737264cc470a67838ab0.jpg,label,custom,1080,1920,jpeg,231030,dataset,val,Yes,No,No,5,No,2026-04-01 12:30:47,2026-04-01 12:55:12.568934
6c3ecf0b-430c-4ace-a986-71d5f20cbce5,205726_mp4-0147_jpg.rf.e2c3b617f22f8b515c1a9c5d0197d4ac.jpg,20250506_205726_mp4-0147_jpg.rf.e2c3b617f22f8b515c1a9c5d0197d4ac.jpg,projects/label/dataset/custom/train/205726_mp4-0147_jpg.rf.e2c3b617f22f8b515c1a9c5d0197d4ac.jpg,label,custom,1080,1920,jpeg,215392,dataset,train,Yes,No,No,4,No,2026-04-01 12:30:47,2026-04-01 12:55:12.582968
a1dc8b8d-35a2-4242-a386-64d01e6d6e18,205726_mp4-0148_jpg.rf.ec5e71ee487796793bbae8fd5d17e603.jpg,20250506_205726_mp4-0148_jpg.rf.ec5e71ee487796793bbae8fd5d17e603.jpg,projects/label/dataset/custom/train/205726_mp4-0148_jpg.rf.ec5e71ee487796793bbae8fd5d17e603.jpg,label,custom,1080,1920,jpeg,212737,dataset,train,Yes,No,No,4,No,2026-04-01 12:30:47,2026-04-01 12:55:12.597490
4cc8e399-41d5-4f29-97cf-5c37fbbe42bf,205726_mp4-0150_jpg.rf.6728baad70e3b7e66f2ad886ae3f4760.jpg,20250506_205726_mp4-0150_jpg.rf.6728baad70e3b7e66f2ad886ae3f4760.jpg,projects/label/dataset/custom/train/205726_mp4-0150_jpg.rf.6728baad70e3b7e66f2ad886ae3f4760.jpg,label,custom,1080,1920,jpeg,221516,dataset,train,Yes,No,No,4,No,2026-04-01 12:30:47,2026-04-01 12:55:12.613020
706de55c-c46c-41e5-8545-92a6230538d5,205726_mp4-0152_jpg.rf.7ab9c3f5d7c909fe939093926af49cc6.jpg,20250506_205726_mp4-0152_jpg.rf.7ab9c3f5d7c909fe939093926af49cc6.jpg,projects/label/dataset/custom/test/205726_mp4-0152_jpg.rf.7ab9c3f5d7c909fe939093926af49cc6.jpg,label,custom,1080,1920,jpeg,185548,dataset,test,Yes,No,No,4,No,2026-04-01 12:30:47,2026-04-01 12:55:12.630051
8d05787c-2173-46cb-87de-f0a945e8c8de,205726_mp4-0153_jpg.rf.75df24fcd4f4f37d67ff049bdead788d.jpg,20250506_205726_mp4-0153_jpg.rf.75df24fcd4f4f37d67ff049bdead788d.jpg,projects/label/dataset/custom/val/205726_mp4-0153_jpg.rf.75df24fcd4f4f37d67ff049bdead788d.jpg,label,custom,1080,1920,jpeg,226087,dataset,val,Yes,No,No,4,No,2026-04-01 12:30:47,2026-04-01 12:55:12.644077
639f9b29-fffb-42e0-a5c3-03d4b1b71f53,205726_mp4-0158_jpg.rf.598e7bd69a265ba2bfa7b05f7246ccb8.jpg,20250506_205726_mp4-0158_jpg.rf.598e7bd69a265ba2bfa7b05f7246ccb8.jpg,projects/label/dataset/custom/train/205726_mp4-0158_jpg.rf.598e7bd69a265ba2bfa7b05f7246ccb8.jpg,label,custom,1080,1920,jpeg,236001,dataset,train,Yes,No,No,5,No,2026-04-01 12:30:47,2026-04-01 12:55:12.658591
e1ea01af-f054-4a64-82b8-41a11aa7330d,205726_mp4-0159_jpg.rf.57042ed73288757a5b199db0bcac6b36.jpg,20250506_205726_mp4-0159_jpg.rf.57042ed73288757a5b199db0bcac6b36.jpg,projects/label/dataset/custom/train/205726_mp4-0159_jpg.rf.57042ed73288757a5b199db0bcac6b36.jpg,label,custom,1080,1920,jpeg,225347,dataset,train,Yes,No,No,4,No,2026-04-01 12:30:47,2026-04-01 12:55:12.673156
a959ba8b-1512-4ac0-9f6e-4927c9201695,205726_mp4-0162_jpg.rf.f12084e6d40570359f2c4c7eff75eb4d.jpg,20250506_205726_mp4-0162_jpg.rf.f12084e6d40570359f2c4c7eff75eb4d.jpg,projects/label/dataset/custom/train/205726_mp4-0162_jpg.rf.f12084e6d40570359f2c4c7eff75eb4d.jpg,label,custom,1080,1920,jpeg,213380,dataset,train,Yes,No,No,4,No,2026-04-01 12:30:47,2026-04-01 12:55:12.686196
b318da0d-2e03-4309-9f38-242b5389135b,205726_mp4-0165_jpg.rf.c9aa689425f848efd02825a1835c04c5.jpg,20250506_205726_mp4-0165_jpg.rf.c9aa689425f848efd02825a1835c04c5.jpg,projects/label/dataset/custom/train/205726_mp4-0165_jpg.rf.c9aa689425f848efd02825a1835c04c5.jpg,label,custom,1080,1920,jpeg,241318,dataset,train,Yes,No,No,5,No,2026-04-01 12:30:47,2026-04-01 12:55:12.700711
ec868365-5b72-4444-8b9e-3b50f0db6a6b,205726_mp4-0167_jpg.rf.c9c86df601242dc5a982ea0598743cf3.jpg,20250506_205726_mp4-0167_jpg.rf.c9c86df601242dc5a982ea0598743cf3.jpg,projects/label/dataset/custom/train/205726_mp4-0167_jpg.rf.c9c86df601242dc5a982ea0598743cf3.jpg,label,custom,1080,1920,jpeg,239095,dataset,train,Yes,No,No,5,No,2026-04-01 12:30:47,2026-04-01 12:55:12.716751
7f8eee8e-a4a0-4dff-a524-c80fef54d31e,205726_mp4-0169_jpg.rf.6501233a078787c32743fd3d6afa7c97.jpg,20250506_205726_mp4-0169_jpg.rf.6501233a078787c32743fd3d6afa7c97.jpg,projects/label/dataset/custom/train/205726_mp4-0169_jpg.rf.6501233a078787c32743fd3d6afa7c97.jpg,label,custom,1080,1920,jpeg,247330,dataset,train,Yes,No,No,5,No,2026-04-01 12:30:47,2026-04-01 12:55:12.735785
338ecfbb-65b4-4ec3-b014-d3f538ae03ab,211037_mp4-0012_jpg.rf.c4196671631895b87225dfe1d263b77b.jpg,20250506_211037_mp4-0012_jpg.rf.c4196671631895b87225dfe1d263b77b.jpg,projects/label/dataset/custom/train/211037_mp4-0012_jpg.rf.c4196671631895b87225dfe1d263b77b.jpg,label,custom,1080,1920,jpeg,159169,dataset,train,Yes,No,No,2,No,2026-04-01 12:30:47,2026-04-01 12:55:12.752818
03554535-8d04-401f-98d3-0bee3d874c98,211037_mp4-0023_jpg.rf.b8bf24b9e3a42f7729b6b14711a47692.jpg,20250506_211037_mp4-0023_jpg.rf.b8bf24b9e3a42f7729b6b14711a47692.jpg,projects/label/dataset/custom/train/211037_mp4-0023_jpg.rf.b8bf24b9e3a42f7729b6b14711a47692.jpg,label,custom,1080,1920,jpeg,193131,dataset,train,Yes,No,No,3,No,2026-04-01 12:30:47,2026-04-01 12:55:12.770839
060d4935-81cb-41b0-a87e-da84bc2c51f1,211037_mp4-0024_jpg.rf.d86aa33d0eea3a5ce1761735653c2528.jpg,20250506_211037_mp4-0024_jpg.rf.d86aa33d0eea3a5ce1761735653c2528.jpg,projects/label/dataset/custom/test/211037_mp4-0024_jpg.rf.d86aa33d0eea3a5ce1761735653c2528.jpg,label,custom,1080,1920,jpeg,193551,dataset,test,Yes,No,No,3,No,2026-04-01 12:30:47,2026-04-01 12:55:12.787879
2da45bfe-8b1e-40aa-a68a-5093a377d384,211037_mp4-0028_jpg.rf.4eb02b504f415f06c0ea01644f7b712e.jpg,20250506_211037_mp4-0028_jpg.rf.4eb02b504f415f06c0ea01644f7b712e.jpg,projects/label/dataset/custom/test/211037_mp4-0028_jpg.rf.4eb02b504f415f06c0ea01644f7b712e.jpg,label,custom,1080,1920,jpeg,159550,dataset,test,Yes,No,No,3,No,2026-04-01 12:30:47,2026-04-01 12:55:12.806915
5bcfe8de-3a24-4ac3-9ad0-74a6248bdbb6,211037_mp4-0031_jpg.rf.7f5fc5c76dd785b21a71908c47582e43.jpg,20250506_211037_mp4-0031_jpg.rf.7f5fc5c76dd785b21a71908c47582e43.jpg,projects/label/dataset/custom/train/211037_mp4-0031_jpg.rf.7f5fc5c76dd785b21a71908c47582e43.jpg,label,custom,1080,1920,jpeg,153905,dataset,train,Yes,No,No,3,No,2026-04-01 12:30:47,2026-04-01 12:55:12.829462
19993247-5201-4874-bea9-610a45fcad90,211037_mp4-0032_jpg.rf.bff588c9e333427ef838198738ceeab3.jpg,20250506_211037_mp4-0032_jpg.rf.bff588c9e333427ef838198738ceeab3.jpg,projects/label/dataset/custom/train/211037_mp4-0032_jpg.rf.bff588c9e333427ef838198738ceeab3.jpg,label,custom,1080,1920,jpeg,131853,dataset,train,Yes,No,No,3,No,2026-04-01 12:30:47,2026-04-01 12:55:12.847501
fc5b433c-02e0-48f0-9be8-baebb6af74c0,211037_mp4-0034_jpg.rf.ca55323f5ddac1606b826b884f3e07e4.jpg,20250506_211037_mp4-0034_jpg.rf.ca55323f5ddac1606b826b884f3e07e4.jpg,projects/label/dataset/custom/train/211037_mp4-0034_jpg.rf.ca55323f5ddac1606b826b884f3e07e4.jpg,label,custom,1080,1920,jpeg,149700,dataset,train,Yes,No,No,3,No,2026-04-01 12:30:47,2026-04-01 12:55:12.867051
c1ca3fa4-6631-4c61-98e4-8365075c157b,211037_mp4-0035_jpg.rf.317f186d5c6a0cfed26e4c578462dcec.jpg,20250506_211037_mp4-0035_jpg.rf.317f186d5c6a0cfed26e4c578462dcec.jpg,projects/label/dataset/custom/train/211037_mp4-0035_jpg.rf.317f186d5c6a0cfed26e4c578462dcec.jpg,label,custom,1080,1920,jpeg,160015,dataset,train,Yes,No,No,3,No,2026-04-01 12:30:47,2026-04-01 12:55:12.886087
28273c83-8203-4dc4-8a73-4f783d42f2ef,211037_mp4-0036_jpg.rf.1acd195c97659b9b855676574af0d3d6.jpg,20250506_211037_mp4-0036_jpg.rf.1acd195c97659b9b855676574af0d3d6.jpg,projects/label/dataset/custom/train/211037_mp4-0036_jpg.rf.1acd195c97659b9b855676574af0d3d6.jpg,label,custom,1080,1920,jpeg,169657,dataset,train,Yes,No,No,3,No,2026-04-01 12:30:47,2026-04-01 12:55:12.905118
d7f0b552-226a-48b4-8c48-8fd7586af538,211037_mp4-0037_jpg.rf.41cec77888f380eaf2258c0ce8883fbc.jpg,20250506_211037_mp4-0037_jpg.rf.41cec77888f380eaf2258c0ce8883fbc.jpg,projects/label/dataset/custom/test/211037_mp4-0037_jpg.rf.41cec77888f380eaf2258c0ce8883fbc.jpg,label,custom,1080,1920,jpeg,162074,dataset,test,Yes,No,No,3,No,2026-04-01 12:30:47,2026-04-01 12:55:12.924655
46eaa8c1-2cdf-49c4-96e2-3abc87317c2a,211037_mp4-0041_jpg.rf.3314f3e2c9e6301ae7f2755703193e94.jpg,20250506_211037_mp4-0041_jpg.rf.3314f3e2c9e6301ae7f2755703193e94.jpg,projects/label/dataset/custom/test/211037_mp4-0041_jpg.rf.3314f3e2c9e6301ae7f2755703193e94.jpg,label,custom,1080,1920,jpeg,148874,dataset,test,Yes,No,No,2,No,2026-04-01 12:30:47,2026-04-01 12:55:12.942677
969c46ce-6388-4f00-ba6f-c35c0e0e6d16,211037_mp4-0042_jpg.rf.04ed39f054259ab466a6e9ef4f9274ca.jpg,20250506_211037_mp4-0042_jpg.rf.04ed39f054259ab466a6e9ef4f9274ca.jpg,projects/label/dataset/custom/test/211037_mp4-0042_jpg.rf.04ed39f054259ab466a6e9ef4f9274ca.jpg,label,custom,1080,1920,jpeg,143787,dataset,test,Yes,No,No,2,No,2026-04-01 12:30:47,2026-04-01 12:55:12.960195
302c43b2-ecd5-44b4-ad65-af5adb3b48b2,211037_mp4-0047_jpg.rf.a4dee247095e97f5bbc22210e92e15eb.jpg,20250506_211037_mp4-0047_jpg.rf.a4dee247095e97f5bbc22210e92e15eb.jpg,projects/label/dataset/custom/train/211037_mp4-0047_jpg.rf.a4dee247095e97f5bbc22210e92e15eb.jpg,label,custom,1080,1920,jpeg,149663,dataset,train,Yes,No,No,3,No,2026-04-01 12:30:47,2026-04-01 12:55:12.979730
a51ab32d-f1b6-4780-91cc-87f1963b8391,211037_mp4-0049_jpg.rf.ac3558acb33705d566f27f4c44d9d7d3.jpg,20250506_211037_mp4-0049_jpg.rf.ac3558acb33705d566f27f4c44d9d7d3.jpg,projects/label/dataset/custom/train/211037_mp4-0049_jpg.rf.ac3558acb33705d566f27f4c44d9d7d3.jpg,label,custom,1080,1920,jpeg,142578,dataset,train,Yes,No,No,3,No,2026-04-01 12:30:47,2026-04-01 12:55:12.997762
535864fc-3a96-4eae-abc9-7827e1887bd6,211037_mp4-0051_jpg.rf.950714c55393eb36d3ea9a5f48425a49.jpg,20250506_211037_mp4-0051_jpg.rf.950714c55393eb36d3ea9a5f48425a49.jpg,projects/label/dataset/custom/test/211037_mp4-0051_jpg.rf.950714c55393eb36d3ea9a5f48425a49.jpg,label,custom,1080,1920,jpeg,155249,dataset,test,Yes,No,No,3,No,2026-04-01 12:30:47,2026-04-01 12:55:13.016305
eb083326-cc06-4d7e-aac0-c9e90f4eb159,211037_mp4-0060_jpg.rf.7dd7098690d1fbacf033b1072f7fffca.jpg,20250506_211037_mp4-0060_jpg.rf.7dd7098690d1fbacf033b1072f7fffca.jpg,projects/label/dataset/custom/test/211037_mp4-0060_jpg.rf.7dd7098690d1fbacf033b1072f7fffca.jpg,label,custom,1080,1920,jpeg,166118,dataset,test,Yes,No,No,4,No,2026-04-01 12:30:47,2026-04-01 12:55:13.032331
b4682cb2-6269-4353-a9c5-e7bd421831a3,211037_mp4-0061_jpg.rf.58752f6d6e0cd2af0fdf4a7e536d6d17.jpg,20250506_211037_mp4-0061_jpg.rf.58752f6d6e0cd2af0fdf4a7e536d6d17.jpg,projects/label/dataset/custom/val/211037_mp4-0061_jpg.rf.58752f6d6e0cd2af0fdf4a7e536d6d17.jpg,label,custom,1080,1920,jpeg,162705,dataset,val,Yes,No,No,4,No,2026-04-01 12:30:47,2026-04-01 12:55:13.047861
fede79cb-4720-4a36-9efc-65e4a16db2f1,211037_mp4-0062_jpg.rf.37c3aa1195834ad4279d78ab33a73dfb.jpg,20250506_211037_mp4-0062_jpg.rf.37c3aa1195834ad4279d78ab33a73dfb.jpg,projects/label/dataset/custom/val/211037_mp4-0062_jpg.rf.37c3aa1195834ad4279d78ab33a73dfb.jpg,label,custom,1080,1920,jpeg,177289,dataset,val,Yes,No,No,4,No,2026-04-01 12:30:47,2026-04-01 12:55:13.063884
e45acc09-4854-4202-8539-df79610b17e9,211037_mp4-0063_jpg.rf.8539868ca3791738bc525610d51ff0ee.jpg,20250506_211037_mp4-0063_jpg.rf.8539868ca3791738bc525610d51ff0ee.jpg,projects/label/dataset/custom/train/211037_mp4-0063_jpg.rf.8539868ca3791738bc525610d51ff0ee.jpg,label,custom,1080,1920,jpeg,163909,dataset,train,Yes,No,No,4,No,2026-04-01 12:30:47,2026-04-01 12:55:13.081422
18270265-e5cd-4724-baf3-84e8495e199b,211037_mp4-0065_jpg.rf.10b5938200780d9977ae3a633988d5e9.jpg,20250506_211037_mp4-0065_jpg.rf.10b5938200780d9977ae3a633988d5e9.jpg,projects/label/dataset/custom/train/211037_mp4-0065_jpg.rf.10b5938200780d9977ae3a633988d5e9.jpg,label,custom,1080,1920,jpeg,154344,dataset,train,Yes,No,No,4,No,2026-04-01 12:30:47,2026-04-01 12:55:13.096943
c7187c21-ccf5-4fce-ba01-ff45d108a0d2,211037_mp4-0066_jpg.rf.2fadf962c2eb3f4d46069e0db8c1277c.jpg,20250506_211037_mp4-0066_jpg.rf.2fadf962c2eb3f4d46069e0db8c1277c.jpg,projects/label/dataset/custom/test/211037_mp4-0066_jpg.rf.2fadf962c2eb3f4d46069e0db8c1277c.jpg,label,custom,1080,1920,jpeg,157576,dataset,test,Yes,No,No,4,No,2026-04-01 12:30:47,2026-04-01 12:55:13.113475
92592984-a2d9-4c87-bdc4-b753374e11e5,211037_mp4-0069_jpg.rf.5f8b986044223cb16e13332026e70b62.jpg,20250506_211037_mp4-0069_jpg.rf.5f8b986044223cb16e13332026e70b62.jpg,projects/label/dataset/custom/train/211037_mp4-0069_jpg.rf.5f8b986044223cb16e13332026e70b62.jpg,label,custom,1080,1920,jpeg,161632,dataset,train,Yes,No,No,4,No,2026-04-01 12:30:47,2026-04-01 12:55:13.127508
2912507f-50a1-4be5-aedb-1cb19587af18,211037_mp4-0070_jpg.rf.a39c09d1b40c12504a08cf2d74a598bf.jpg,20250506_211037_mp4-0070_jpg.rf.a39c09d1b40c12504a08cf2d74a598bf.jpg,projects/label/dataset/custom/train/211037_mp4-0070_jpg.rf.a39c09d1b40c12504a08cf2d74a598bf.jpg,label,custom,1080,1920,jpeg,171718,dataset,train,Yes,No,No,4,No,2026-04-01 12:30:47,2026-04-01 12:55:13.146049
cdf0862b-fb52-4332-89d6-3478c317c7a9,211037_mp4-0071_jpg.rf.bc0c9dd6fb276fbe639706986cd09776.jpg,20250506_211037_mp4-0071_jpg.rf.bc0c9dd6fb276fbe639706986cd09776.jpg,projects/label/dataset/custom/test/211037_mp4-0071_jpg.rf.bc0c9dd6fb276fbe639706986cd09776.jpg,label,custom,1080,1920,jpeg,170668,dataset,test,Yes,No,No,4,No,2026-04-01 12:30:47,2026-04-01 12:55:13.164087
524468d1-3cdc-4000-b86d-e426c34984fa,211037_mp4-0076_jpg.rf.6005e89ecbc8a15f018f60d8b834a8c3.jpg,20250506_211037_mp4-0076_jpg.rf.6005e89ecbc8a15f018f60d8b834a8c3.jpg,projects/label/dataset/custom/val/211037_mp4-0076_jpg.rf.6005e89ecbc8a15f018f60d8b834a8c3.jpg,label,custom,1080,1920,jpeg,164900,dataset,val,Yes,No,No,4,No,2026-04-01 12:30:47,2026-04-01 12:55:13.181622
d58706c1-9f03-48c8-a092-26316494cc28,211037_mp4-0083_jpg.rf.876affe2494a5b7f08f23064d6963833.jpg,20250506_211037_mp4-0083_jpg.rf.876affe2494a5b7f08f23064d6963833.jpg,projects/label/dataset/custom/val/211037_mp4-0083_jpg.rf.876affe2494a5b7f08f23064d6963833.jpg,label,custom,1080,1920,jpeg,171159,dataset,val,Yes,No,No,4,No,2026-04-01 12:30:47,2026-04-01 12:55:13.199152
c8aeffce-ee88-4000-9ef0-6a316d6696f1,211037_mp4-0084_jpg.rf.c8a961125216d3ea085c3f73e9b0a433.jpg,20250506_211037_mp4-0084_jpg.rf.c8a961125216d3ea085c3f73e9b0a433.jpg,projects/label/dataset/custom/val/211037_mp4-0084_jpg.rf.c8a961125216d3ea085c3f73e9b0a433.jpg,label,custom,1080,1920,jpeg,159396,dataset,val,Yes,No,No,4,No,2026-04-01 12:30:47,2026-04-01 12:55:13.218192
9e9d21d9-ea90-4103-b3fa-44232b790170,211037_mp4-0085_jpg.rf.6fd9cc4d9a7e2dd9243ce745ed937f8b.jpg,20250506_211037_mp4-0085_jpg.rf.6fd9cc4d9a7e2dd9243ce745ed937f8b.jpg,projects/label/dataset/custom/train/211037_mp4-0085_jpg.rf.6fd9cc4d9a7e2dd9243ce745ed937f8b.jpg,label,custom,1080,1920,jpeg,176445,dataset,train,Yes,No,No,4,No,2026-04-01 12:30:47,2026-04-01 12:55:13.236226
2dfb4ea8-3cae-4da8-af45-b324508d20b2,211037_mp4-0086_jpg.rf.941614ae27a6aeafecf0f5978349aa18.jpg,20250506_211037_mp4-0086_jpg.rf.941614ae27a6aeafecf0f5978349aa18.jpg,projects/label/dataset/custom/val/211037_mp4-0086_jpg.rf.941614ae27a6aeafecf0f5978349aa18.jpg,label,custom,1080,1920,jpeg,170393,dataset,val,Yes,No,No,4,No,2026-04-01 12:30:47,2026-04-01 12:55:13.253262
e84046fe-b6eb-420c-886a-ab01b05bda0e,211037_mp4-0089_jpg.rf.dcb9a5ee91d1e7291ba02c25bb6895ff.jpg,20250506_211037_mp4-0089_jpg.rf.dcb9a5ee91d1e7291ba02c25bb6895ff.jpg,projects/label/dataset/custom/train/211037_mp4-0089_jpg.rf.dcb9a5ee91d1e7291ba02c25bb6895ff.jpg,label,custom,1080,1920,jpeg,165930,dataset,train,Yes,No,No,4,No,2026-04-01 12:30:48,2026-04-01 12:55:13.275815
f30b374a-beb2-43ad-9f61-456b88dd0e3f,211037_mp4-0090_jpg.rf.bb3b718311ae61d121660d18541ccb0a.jpg,20250506_211037_mp4-0090_jpg.rf.bb3b718311ae61d121660d18541ccb0a.jpg,projects/label/dataset/custom/train/211037_mp4-0090_jpg.rf.bb3b718311ae61d121660d18541ccb0a.jpg,label,custom,1080,1920,jpeg,166497,dataset,train,Yes,No,No,4,No,2026-04-01 12:30:48,2026-04-01 12:55:13.294847
e742e5db-ad83-4d52-9b1f-e003c3b9b6ee,211037_mp4-0091_jpg.rf.496ea1ef7681fa26b9b84488631983c0.jpg,20250506_211037_mp4-0091_jpg.rf.496ea1ef7681fa26b9b84488631983c0.jpg,projects/label/dataset/custom/val/211037_mp4-0091_jpg.rf.496ea1ef7681fa26b9b84488631983c0.jpg,label,custom,1080,1920,jpeg,162262,dataset,val,Yes,No,No,4,No,2026-04-01 12:30:48,2026-04-01 12:55:13.312915
04a5f4fd-82c3-4c63-9e7e-4fbcfe33abdd,211037_mp4-0092_jpg.rf.f3a2b2a805e426b863470b33797e6b22.jpg,20250506_211037_mp4-0092_jpg.rf.f3a2b2a805e426b863470b33797e6b22.jpg,projects/label/dataset/custom/val/211037_mp4-0092_jpg.rf.f3a2b2a805e426b863470b33797e6b22.jpg,label,custom,1080,1920,jpeg,173225,dataset,val,Yes,No,No,4,No,2026-04-01 12:30:48,2026-04-01 12:55:13.329943
c22ea235-3484-4741-b61c-2dbb642ee891,211037_mp4-0096_jpg.rf.a1c09da295bd167a5cfe7ac6ccde1928.jpg,20250506_211037_mp4-0096_jpg.rf.a1c09da295bd167a5cfe7ac6ccde1928.jpg,projects/label/dataset/custom/train/211037_mp4-0096_jpg.rf.a1c09da295bd167a5cfe7ac6ccde1928.jpg,label,custom,1080,1920,jpeg,171469,dataset,train,Yes,No,No,4,No,2026-04-01 12:30:48,2026-04-01 12:55:13.345981
8312eb07-a474-4212-a58c-ccafc9692a92,211037_mp4-0097_jpg.rf.6ef576fbd5d189fd1009894efe0801e6.jpg,20250506_211037_mp4-0097_jpg.rf.6ef576fbd5d189fd1009894efe0801e6.jpg,projects/label/dataset/custom/train/211037_mp4-0097_jpg.rf.6ef576fbd5d189fd1009894efe0801e6.jpg,label,custom,1080,1920,jpeg,178208,dataset,train,Yes,No,No,4,No,2026-04-01 12:30:48,2026-04-01 12:55:13.360494
e0ea2081-6c3f-4947-bd61-8920fe800d51,211037_mp4-0107_jpg.rf.38190f3ebf51ae526873943e4522d2b6.jpg,20250506_211037_mp4-0107_jpg.rf.38190f3ebf51ae526873943e4522d2b6.jpg,projects/label/dataset/custom/train/211037_mp4-0107_jpg.rf.38190f3ebf51ae526873943e4522d2b6.jpg,label,custom,1080,1920,jpeg,186176,dataset,train,Yes,No,No,4,No,2026-04-01 12:30:48,2026-04-01 12:55:13.375035
e77c0ca7-513b-40c3-8f52-c9c54da32ce4,211037_mp4-0110_jpg.rf.c0e7bd497c195785a7ec15a6c13cbfbe.jpg,20250506_211037_mp4-0110_jpg.rf.c0e7bd497c195785a7ec15a6c13cbfbe.jpg,projects/label/dataset/custom/train/211037_mp4-0110_jpg.rf.c0e7bd497c195785a7ec15a6c13cbfbe.jpg,label,custom,1080,1920,jpeg,194160,dataset,train,Yes,No,No,5,No,2026-04-01 12:30:48,2026-04-01 12:55:13.388549
7c5fff1f-9f50-4033-bc84-0585a2377782,211037_mp4-0116_jpg.rf.7e5b224a195ffc28b5bb12dbe172eb3e.jpg,20250506_211037_mp4-0116_jpg.rf.7e5b224a195ffc28b5bb12dbe172eb3e.jpg,projects/label/dataset/custom/train/211037_mp4-0116_jpg.rf.7e5b224a195ffc28b5bb12dbe172eb3e.jpg,label,custom,1080,1920,jpeg,143761,dataset,train,Yes,No,No,2,No,2026-04-01 12:30:48,2026-04-01 12:55:13.403567
d12aa7fe-2f26-4217-b843-86dc8a5f5d58,211037_mp4-0117_jpg.rf.16546807d657c89f67b7ff5f7b2025d3.jpg,20250506_211037_mp4-0117_jpg.rf.16546807d657c89f67b7ff5f7b2025d3.jpg,projects/label/dataset/custom/test/211037_mp4-0117_jpg.rf.16546807d657c89f67b7ff5f7b2025d3.jpg,label,custom,1080,1920,jpeg,146197,dataset,test,Yes,No,No,2,No,2026-04-01 12:30:48,2026-04-01 12:55:13.418120
000fe82d-8893-4d7a-82f8-9b8fa72d53e4,211037_mp4-0118_jpg.rf.b296f892ed98bb121be72e563a927952.jpg,20250506_211037_mp4-0118_jpg.rf.b296f892ed98bb121be72e563a927952.jpg,projects/label/dataset/custom/train/211037_mp4-0118_jpg.rf.b296f892ed98bb121be72e563a927952.jpg,label,custom,1080,1920,jpeg,170813,dataset,train,Yes,No,No,3,No,2026-04-01 12:30:48,2026-04-01 12:55:13.433147
4a0a060f-000d-4b39-9df8-c0ad203ead6a,211037_mp4-0119_jpg.rf.44943c715cedc88772d446042b522f17.jpg,20250506_211037_mp4-0119_jpg.rf.44943c715cedc88772d446042b522f17.jpg,projects/label/dataset/custom/train/211037_mp4-0119_jpg.rf.44943c715cedc88772d446042b522f17.jpg,label,custom,1080,1920,jpeg,169449,dataset,train,Yes,No,No,3,No,2026-04-01 12:30:48,2026-04-01 12:55:13.448669
513c8f05-8646-4585-9cb4-961b1b4442b5,211037_mp4-0132_jpg.rf.5e39b3f33a54a2742372221ef00632ea.jpg,20250506_211037_mp4-0132_jpg.rf.5e39b3f33a54a2742372221ef00632ea.jpg,projects/label/dataset/custom/train/211037_mp4-0132_jpg.rf.5e39b3f33a54a2742372221ef00632ea.jpg,label,custom,1080,1920,jpeg,165586,dataset,train,Yes,No,No,4,No,2026-04-01 12:30:48,2026-04-01 12:55:13.465700
018cd4c5-9860-4577-ba07-730a5b64c15d,211037_mp4-0135_jpg.rf.bcaedbb7df459069ec34e6ddfa219e36.jpg,20250506_211037_mp4-0135_jpg.rf.bcaedbb7df459069ec34e6ddfa219e36.jpg,projects/label/dataset/custom/test/211037_mp4-0135_jpg.rf.bcaedbb7df459069ec34e6ddfa219e36.jpg,label,custom,1080,1920,jpeg,172905,dataset,test,Yes,No,No,4,No,2026-04-01 12:30:48,2026-04-01 12:55:13.480215
dd76647e-f28f-4580-9c2a-f1d2e56485fc,211037_mp4-0137_jpg.rf.f7f893e6f21a69b3b0750bcef372b056.jpg,20250506_211037_mp4-0137_jpg.rf.f7f893e6f21a69b3b0750bcef372b056.jpg,projects/label/dataset/custom/train/211037_mp4-0137_jpg.rf.f7f893e6f21a69b3b0750bcef372b056.jpg,label,custom,1080,1920,jpeg,175374,dataset,train,Yes,No,No,4,No,2026-04-01 12:30:48,2026-04-01 12:55:13.494851
93ac72cb-8515-457b-b27c-c7b7135d923f,211037_mp4-0156_jpg.rf.c7fde71e779829036ded79719fc0a22d.jpg,20250506_211037_mp4-0156_jpg.rf.c7fde71e779829036ded79719fc0a22d.jpg,projects/label/dataset/custom/train/211037_mp4-0156_jpg.rf.c7fde71e779829036ded79719fc0a22d.jpg,label,custom,1080,1920,jpeg,170383,dataset,train,Yes,No,No,3,No,2026-04-01 12:30:48,2026-04-01 12:55:13.509368
37c7b292-ba84-4800-b477-b94389bdd0ab,211037_mp4-0158_jpg.rf.c5d0ffbbed5d37fc3e70c951a1d52806.jpg,20250506_211037_mp4-0158_jpg.rf.c5d0ffbbed5d37fc3e70c951a1d52806.jpg,projects/label/dataset/custom/train/211037_mp4-0158_jpg.rf.c5d0ffbbed5d37fc3e70c951a1d52806.jpg,label,custom,1080,1920,jpeg,159157,dataset,train,Yes,No,No,3,No,2026-04-01 12:30:48,2026-04-01 12:55:13.524398
b0ac9561-7425-4e20-83a9-7da7563496ec,211037_mp4-0159_jpg.rf.ffc9294832b0783f11f2deb78475bc9e.jpg,20250506_211037_mp4-0159_jpg.rf.ffc9294832b0783f11f2deb78475bc9e.jpg,projects/label/dataset/custom/train/211037_mp4-0159_jpg.rf.ffc9294832b0783f11f2deb78475bc9e.jpg,label,custom,1080,1920,jpeg,166421,dataset,train,Yes,No,No,3,No,2026-04-01 12:30:48,2026-04-01 12:55:13.537913
247fad48-4755-457b-b60f-32cfdc3b50a0,211037_mp4-0161_jpg.rf.2c1bb118d99f517ef3305c64dac5ff3e.jpg,20250506_211037_mp4-0161_jpg.rf.2c1bb118d99f517ef3305c64dac5ff3e.jpg,projects/label/dataset/custom/train/211037_mp4-0161_jpg.rf.2c1bb118d99f517ef3305c64dac5ff3e.jpg,label,custom,1080,1920,jpeg,161093,dataset,train,Yes,No,No,3,No,2026-04-01 12:30:48,2026-04-01 12:55:13.551930
84b0252d-1adf-405c-85a3-7601e82050e0,211037_mp4-0164_jpg.rf.4589608ba880e0482a28d5006f02887f.jpg,20250506_211037_mp4-0164_jpg.rf.4589608ba880e0482a28d5006f02887f.jpg,projects/label/dataset/custom/train/211037_mp4-0164_jpg.rf.4589608ba880e0482a28d5006f02887f.jpg,label,custom,1080,1920,jpeg,159404,dataset,train,Yes,No,No,3,No,2026-04-01 12:30:48,2026-04-01 12:55:13.566964
5b0af9e0-b335-4004-8ad9-eca7a792a413,211037_mp4-0165_jpg.rf.00fe5d027dcc91fde390134f936e9a9f.jpg,20250506_211037_mp4-0165_jpg.rf.00fe5d027dcc91fde390134f936e9a9f.jpg,projects/label/dataset/custom/train/211037_mp4-0165_jpg.rf.00fe5d027dcc91fde390134f936e9a9f.jpg,label,custom,1080,1920,jpeg,168638,dataset,train,Yes,No,No,3,No,2026-04-01 12:30:48,2026-04-01 12:55:13.581983
8369c732-abc8-4751-b405-525b0998b512,211037_mp4-0167_jpg.rf.bbb632cce96555821419498025c064d4.jpg,20250506_211037_mp4-0167_jpg.rf.bbb632cce96555821419498025c064d4.jpg,projects/label/dataset/custom/test/211037_mp4-0167_jpg.rf.bbb632cce96555821419498025c064d4.jpg,label,custom,1080,1920,jpeg,163905,dataset,test,Yes,No,No,3,No,2026-04-01 12:30:48,2026-04-01 12:55:13.596506
b52d2e9d-6064-44c0-a56c-60d9f7672014,211037_mp4-0169_jpg.rf.884e5bfbb29af4eb3718cb50cdf44299.jpg,20250506_211037_mp4-0169_jpg.rf.884e5bfbb29af4eb3718cb50cdf44299.jpg,projects/label/dataset/custom/train/211037_mp4-0169_jpg.rf.884e5bfbb29af4eb3718cb50cdf44299.jpg,label,custom,1080,1920,jpeg,163399,dataset,train,Yes,No,No,3,No,2026-04-01 12:30:48,2026-04-01 12:55:13.610017
8707da8f-02a4-42b5-b6c0-d4f00c4b49dd,211037_mp4-0170_jpg.rf.1ff0b9951e9bcfeab1f001d235f18d69.jpg,20250506_211037_mp4-0170_jpg.rf.1ff0b9951e9bcfeab1f001d235f18d69.jpg,projects/label/dataset/custom/test/211037_mp4-0170_jpg.rf.1ff0b9951e9bcfeab1f001d235f18d69.jpg,label,custom,1080,1920,jpeg,159976,dataset,test,Yes,No,No,3,No,2026-04-01 12:30:48,2026-04-01 12:55:13.626045
d77b0b7a-1d81-4d08-940b-721ecda39171,211037_mp4-0178_jpg.rf.23e2824903edacc7904f958759089c70.jpg,20250506_211037_mp4-0178_jpg.rf.23e2824903edacc7904f958759089c70.jpg,projects/label/dataset/custom/val/211037_mp4-0178_jpg.rf.23e2824903edacc7904f958759089c70.jpg,label,custom,1080,1920,jpeg,162533,dataset,val,Yes,No,No,3,No,2026-04-01 12:30:48,2026-04-01 12:55:13.642060
2366c050-f657-4bb3-9f75-f6cd810e4b78,211037_mp4-0190_jpg.rf.7d2acb50eb5bc144ce3fd4a14f454abd.jpg,20250506_211037_mp4-0190_jpg.rf.7d2acb50eb5bc144ce3fd4a14f454abd.jpg,projects/label/dataset/custom/train/211037_mp4-0190_jpg.rf.7d2acb50eb5bc144ce3fd4a14f454abd.jpg,label,custom,1080,1920,jpeg,163066,dataset,train,Yes,No,No,3,No,2026-04-01 12:30:48,2026-04-01 12:55:13.656582
009c93be-ed2f-42d2-9144-17c7052072a8,211037_mp4-0206_jpg.rf.379da178ebb112769eba376ae88bd11d.jpg,20250506_211037_mp4-0206_jpg.rf.379da178ebb112769eba376ae88bd11d.jpg,projects/label/dataset/custom/train/211037_mp4-0206_jpg.rf.379da178ebb112769eba376ae88bd11d.jpg,label,custom,1080,1920,jpeg,136266,dataset,train,Yes,No,No,3,No,2026-04-01 12:30:48,2026-04-01 12:55:13.672609
07b7a5b0-152a-4ff1-a7bb-b1a07fb53f4d,211037_mp4-0210_jpg.rf.f3284ef5da8f0c176f5eac909efc2f73.jpg,20250506_211037_mp4-0210_jpg.rf.f3284ef5da8f0c176f5eac909efc2f73.jpg,projects/label/dataset/custom/train/211037_mp4-0210_jpg.rf.f3284ef5da8f0c176f5eac909efc2f73.jpg,label,custom,1080,1920,jpeg,139133,dataset,train,Yes,No,No,3,No,2026-04-01 12:30:48,2026-04-01 12:55:13.687627
66a923bb-0155-4524-803b-b01ff389a258,211037_mp4-0246_jpg.rf.e4e832a58bf6fcae5b9c83e9aa3e472a.jpg,20250506_211037_mp4-0246_jpg.rf.e4e832a58bf6fcae5b9c83e9aa3e472a.jpg,projects/label/dataset/custom/train/211037_mp4-0246_jpg.rf.e4e832a58bf6fcae5b9c83e9aa3e472a.jpg,label,custom,1080,1920,jpeg,138532,dataset,train,Yes,No,No,2,No,2026-04-01 12:30:48,2026-04-01 12:55:13.702653
6968aa3e-b45f-44bf-b13c-7b04292ce352,211037_mp4-0248_jpg.rf.c6c4573eec506f0f6ca6f0e26e7bccb6.jpg,20250506_211037_mp4-0248_jpg.rf.c6c4573eec506f0f6ca6f0e26e7bccb6.jpg,projects/label/dataset/custom/train/211037_mp4-0248_jpg.rf.c6c4573eec506f0f6ca6f0e26e7bccb6.jpg,label,custom,1080,1920,jpeg,148043,dataset,train,Yes,No,No,2,No,2026-04-01 12:30:48,2026-04-01 12:55:13.718173
7f84b6b9-7915-4fd0-b46a-c7535e23470d,211037_mp4-0251_jpg.rf.4a23e5f0ce7e6acc1d2d60a51ee9659f.jpg,20250506_211037_mp4-0251_jpg.rf.4a23e5f0ce7e6acc1d2d60a51ee9659f.jpg,projects/label/dataset/custom/train/211037_mp4-0251_jpg.rf.4a23e5f0ce7e6acc1d2d60a51ee9659f.jpg,label,custom,1080,1920,jpeg,122244,dataset,train,Yes,No,No,2,No,2026-04-01 12:30:48,2026-04-01 12:55:13.733720
e08db6c4-5460-41e9-8f6e-817c08631516,211037_mp4-0255_jpg.rf.122b03d95fdb5f67a9829f3c5be49ca2.jpg,20250506_211037_mp4-0255_jpg.rf.122b03d95fdb5f67a9829f3c5be49ca2.jpg,projects/label/dataset/custom/test/211037_mp4-0255_jpg.rf.122b03d95fdb5f67a9829f3c5be49ca2.jpg,label,custom,1080,1920,jpeg,127461,dataset,test,Yes,No,No,3,No,2026-04-01 12:30:48,2026-04-01 12:55:13.747237
dd74edd1-f297-487b-8529-5511d5e873b9,211037_mp4-0257_jpg.rf.609122d8e912a6065d8e3d85edbafc98.jpg,20250506_211037_mp4-0257_jpg.rf.609122d8e912a6065d8e3d85edbafc98.jpg,projects/label/dataset/custom/train/211037_mp4-0257_jpg.rf.609122d8e912a6065d8e3d85edbafc98.jpg,label,custom,1080,1920,jpeg,139904,dataset,train,Yes,No,No,3,No,2026-04-01 12:30:48,2026-04-01 12:55:13.762255
91a46325-113f-44d0-b78f-2d8a05724a4b,211037_mp4-0258_jpg.rf.ff7259b8b1cd1cd470260ed963118136.jpg,20250506_211037_mp4-0258_jpg.rf.ff7259b8b1cd1cd470260ed963118136.jpg,projects/label/dataset/custom/test/211037_mp4-0258_jpg.rf.ff7259b8b1cd1cd470260ed963118136.jpg,label,custom,1080,1920,jpeg,147692,dataset,test,Yes,No,No,3,No,2026-04-01 12:30:48,2026-04-01 12:55:13.776293
98facdda-795d-4585-bd6c-c4525485a8c9,211037_mp4-0259_jpg.rf.9f92bcaa40031ce892cfea06d8136718.jpg,20250506_211037_mp4-0259_jpg.rf.9f92bcaa40031ce892cfea06d8136718.jpg,projects/label/dataset/custom/train/211037_mp4-0259_jpg.rf.9f92bcaa40031ce892cfea06d8136718.jpg,label,custom,1080,1920,jpeg,150086,dataset,train,Yes,No,No,3,No,2026-04-01 12:30:48,2026-04-01 12:55:13.790808
a97e5100-ed41-465d-9dc9-eb2cc5fd1ac7,211037_mp4-0265_jpg.rf.e74101bdb82d5648b2840b59bfad1178.jpg,20250506_211037_mp4-0265_jpg.rf.e74101bdb82d5648b2840b59bfad1178.jpg,projects/label/dataset/custom/train/211037_mp4-0265_jpg.rf.e74101bdb82d5648b2840b59bfad1178.jpg,label,custom,1080,1920,jpeg,128931,dataset,train,Yes,No,No,3,No,2026-04-01 12:30:48,2026-04-01 12:55:13.804836
49edf25c-7cdd-499c-b07f-89a56b15e3c3,211037_mp4-0266_jpg.rf.d34601c583543cec5271cb8c8e5eb699.jpg,20250506_211037_mp4-0266_jpg.rf.d34601c583543cec5271cb8c8e5eb699.jpg,projects/label/dataset/custom/train/211037_mp4-0266_jpg.rf.d34601c583543cec5271cb8c8e5eb699.jpg,label,custom,1080,1920,jpeg,143155,dataset,train,Yes,No,No,3,No,2026-04-01 12:30:48,2026-04-01 12:55:13.819346
725b43e1-0794-4ee3-8a38-db841bc7ed67,211037_mp4-0268_jpg.rf.df71ee3c1c4b39d4f86d6fc2f86dcb7a.jpg,20250506_211037_mp4-0268_jpg.rf.df71ee3c1c4b39d4f86d6fc2f86dcb7a.jpg,projects/label/dataset/custom/test/211037_mp4-0268_jpg.rf.df71ee3c1c4b39d4f86d6fc2f86dcb7a.jpg,label,custom,1080,1920,jpeg,154960,dataset,test,Yes,No,No,3,No,2026-04-01 12:30:48,2026-04-01 12:55:13.834893
c3678fee-d950-48c6-8e14-5e5870bd250a,211037_mp4-0270_jpg.rf.4bb4d86511ee9448cc10cde445ae7fd3.jpg,20250506_211037_mp4-0270_jpg.rf.4bb4d86511ee9448cc10cde445ae7fd3.jpg,projects/label/dataset/custom/test/211037_mp4-0270_jpg.rf.4bb4d86511ee9448cc10cde445ae7fd3.jpg,label,custom,1080,1920,jpeg,159546,dataset,test,Yes,No,No,3,No,2026-04-01 12:30:48,2026-04-01 12:55:13.850366
e1b67d16-5dca-4de0-816b-90c342818d66,211037_mp4-0273_jpg.rf.219139319313757ae44871ff73b34463.jpg,20250506_211037_mp4-0273_jpg.rf.219139319313757ae44871ff73b34463.jpg,projects/label/dataset/custom/val/211037_mp4-0273_jpg.rf.219139319313757ae44871ff73b34463.jpg,label,custom,1080,1920,jpeg,127347,dataset,val,Yes,No,No,3,No,2026-04-01 12:30:48,2026-04-01 12:55:13.866317
fcdf30c3-4e87-49c5-8fe8-f0eee3efb9e1,211037_mp4-0275_jpg.rf.9b0fa9f2cd75cd6040f371a3e6c0065c.jpg,20250506_211037_mp4-0275_jpg.rf.9b0fa9f2cd75cd6040f371a3e6c0065c.jpg,projects/label/dataset/custom/test/211037_mp4-0275_jpg.rf.9b0fa9f2cd75cd6040f371a3e6c0065c.jpg,label,custom,1080,1920,jpeg,138107,dataset,test,Yes,No,No,3,No,2026-04-01 12:30:48,2026-04-01 12:55:13.880345
4d7ec984-9420-4387-90ea-3de4718e6ebb,211037_mp4-0277_jpg.rf.9acfff5da5371339eff07e9d2d6531ca.jpg,20250506_211037_mp4-0277_jpg.rf.9acfff5da5371339eff07e9d2d6531ca.jpg,projects/label/dataset/custom/train/211037_mp4-0277_jpg.rf.9acfff5da5371339eff07e9d2d6531ca.jpg,label,custom,1080,1920,jpeg,152800,dataset,train,Yes,No,No,3,No,2026-04-01 12:30:48,2026-04-01 12:55:13.896377
91e06bb0-81a7-4d32-8a62-ff7e581d413e,211037_mp4-0278_jpg.rf.103562ae77c4cbabce8b186d3bce5cd0.jpg,20250506_211037_mp4-0278_jpg.rf.103562ae77c4cbabce8b186d3bce5cd0.jpg,projects/label/dataset/custom/test/211037_mp4-0278_jpg.rf.103562ae77c4cbabce8b186d3bce5cd0.jpg,label,custom,1080,1920,jpeg,150501,dataset,test,Yes,No,No,3,No,2026-04-01 12:30:48,2026-04-01 12:55:13.911942
409934dd-580d-45a0-9091-601183801db5,211037_mp4-0287_jpg.rf.2e7443fb9b0e4b25b55b2e8b40715aef.jpg,20250506_211037_mp4-0287_jpg.rf.2e7443fb9b0e4b25b55b2e8b40715aef.jpg,projects/label/dataset/custom/train/211037_mp4-0287_jpg.rf.2e7443fb9b0e4b25b55b2e8b40715aef.jpg,label,custom,1080,1920,jpeg,136652,dataset,train,Yes,No,No,3,No,2026-04-01 12:30:48,2026-04-01 12:55:13.927476
cb94bb71-3287-4cc8-b57d-8cc733f8eb9b,211037_mp4-0291_jpg.rf.11c1f0f57f9ccfedcb9dde7954756000.jpg,20250506_211037_mp4-0291_jpg.rf.11c1f0f57f9ccfedcb9dde7954756000.jpg,projects/label/dataset/custom/train/211037_mp4-0291_jpg.rf.11c1f0f57f9ccfedcb9dde7954756000.jpg,label,custom,1080,1920,jpeg,156351,dataset,train,Yes,No,No,3,No,2026-04-01 12:30:48,2026-04-01 12:55:13.943500
30f223ac-29ba-4904-8546-4bf107ca1a20,211037_mp4-0292_jpg.rf.c1c0b7082be47a3ec27dd2c484bef492.jpg,20250506_211037_mp4-0292_jpg.rf.c1c0b7082be47a3ec27dd2c484bef492.jpg,projects/label/dataset/custom/train/211037_mp4-0292_jpg.rf.c1c0b7082be47a3ec27dd2c484bef492.jpg,label,custom,1080,1920,jpeg,148866,dataset,train,Yes,No,No,3,No,2026-04-01 12:30:48,2026-04-01 12:55:13.959018
124283ed-579b-4d18-b33c-ba7b3575b974,211037_mp4-0293_jpg.rf.11e8dccfc4acff23416b15c3cfffffbb.jpg,20250506_211037_mp4-0293_jpg.rf.11e8dccfc4acff23416b15c3cfffffbb.jpg,projects/label/dataset/custom/train/211037_mp4-0293_jpg.rf.11e8dccfc4acff23416b15c3cfffffbb.jpg,label,custom,1080,1920,jpeg,149704,dataset,train,Yes,No,No,3,No,2026-04-01 12:30:48,2026-04-01 12:55:13.975571
b2479bcd-878a-4f5d-8a2c-4106d9049a6d,211037_mp4-0294_jpg.rf.a9a65a6c696fc9bed4a15d4a09cf4fb5.jpg,20250506_211037_mp4-0294_jpg.rf.a9a65a6c696fc9bed4a15d4a09cf4fb5.jpg,projects/label/dataset/custom/train/211037_mp4-0294_jpg.rf.a9a65a6c696fc9bed4a15d4a09cf4fb5.jpg,label,custom,1080,1920,jpeg,145493,dataset,train,Yes,No,No,3,No,2026-04-01 12:30:48,2026-04-01 12:55:13.991594
8e6e0bc9-a529-45c8-bb8d-19946a856905,211037_mp4-0300_jpg.rf.2f28087f3133278582e5d4e59d3dfb52.jpg,20250506_211037_mp4-0300_jpg.rf.2f28087f3133278582e5d4e59d3dfb52.jpg,projects/label/dataset/custom/test/211037_mp4-0300_jpg.rf.2f28087f3133278582e5d4e59d3dfb52.jpg,label,custom,1080,1920,jpeg,155336,dataset,test,Yes,No,No,4,No,2026-04-01 12:30:48,2026-04-01 12:55:14.009124
2876cc18-26d8-4693-bb0f-fb246f4048d8,211037_mp4-0301_jpg.rf.353ac3a0c425972caf21ec02f64f6121.jpg,20250506_211037_mp4-0301_jpg.rf.353ac3a0c425972caf21ec02f64f6121.jpg,projects/label/dataset/custom/test/211037_mp4-0301_jpg.rf.353ac3a0c425972caf21ec02f64f6121.jpg,label,custom,1080,1920,jpeg,169578,dataset,test,Yes,No,No,4,No,2026-04-01 12:30:48,2026-04-01 12:55:14.025684
6c6dc090-23d2-48fc-b259-e6dd8488bafd,211037_mp4-0303_jpg.rf.21d990fadde44cd2b08b65ca65797035.jpg,20250506_211037_mp4-0303_jpg.rf.21d990fadde44cd2b08b65ca65797035.jpg,projects/label/dataset/custom/test/211037_mp4-0303_jpg.rf.21d990fadde44cd2b08b65ca65797035.jpg,label,custom,1080,1920,jpeg,171180,dataset,test,Yes,No,No,4,No,2026-04-01 12:30:48,2026-04-01 12:55:14.040202
e0071fc7-ecc8-420c-a69c-89df1e2e52c1,211037_mp4-0308_jpg.rf.dfc0b635291fad0d8e4087f94919ec64.jpg,20250506_211037_mp4-0308_jpg.rf.dfc0b635291fad0d8e4087f94919ec64.jpg,projects/label/dataset/custom/train/211037_mp4-0308_jpg.rf.dfc0b635291fad0d8e4087f94919ec64.jpg,label,custom,1080,1920,jpeg,161371,dataset,train,Yes,No,No,4,No,2026-04-01 12:30:48,2026-04-01 12:55:14.056229
5c11c41f-deb7-4ffb-af07-0233f9e11aea,211037_mp4-0309_jpg.rf.f438ce66ab2ac01809a0dfe3a45262d1.jpg,20250506_211037_mp4-0309_jpg.rf.f438ce66ab2ac01809a0dfe3a45262d1.jpg,projects/label/dataset/custom/train/211037_mp4-0309_jpg.rf.f438ce66ab2ac01809a0dfe3a45262d1.jpg,label,custom,1080,1920,jpeg,163429,dataset,train,Yes,No,No,4,No,2026-04-01 12:30:48,2026-04-01 12:55:14.070246
a27d1897-3c9e-42a7-a43f-c02fe735d669,211037_mp4-0323_jpg.rf.36f8f6f81ca0a0293791ee7954deee73.jpg,20250506_211037_mp4-0323_jpg.rf.36f8f6f81ca0a0293791ee7954deee73.jpg,projects/label/dataset/custom/val/211037_mp4-0323_jpg.rf.36f8f6f81ca0a0293791ee7954deee73.jpg,label,custom,1080,1920,jpeg,163767,dataset,val,Yes,No,No,4,No,2026-04-01 12:30:48,2026-04-01 12:55:14.085294
a1d913e9-a4a3-474b-b059-d48203a0827b,211037_mp4-0324_jpg.rf.b85092ed96c42c8162d61432e2133a94.jpg,20250506_211037_mp4-0324_jpg.rf.b85092ed96c42c8162d61432e2133a94.jpg,projects/label/dataset/custom/train/211037_mp4-0324_jpg.rf.b85092ed96c42c8162d61432e2133a94.jpg,label,custom,1080,1920,jpeg,168427,dataset,train,Yes,No,No,4,No,2026-04-01 12:30:48,2026-04-01 12:55:14.100809
d90262a3-9c76-4b78-a3b4-82cf375b6225,211037_mp4-0325_jpg.rf.9fc541341a1df17192062b73fdcba26f.jpg,20250506_211037_mp4-0325_jpg.rf.9fc541341a1df17192062b73fdcba26f.jpg,projects/label/dataset/custom/train/211037_mp4-0325_jpg.rf.9fc541341a1df17192062b73fdcba26f.jpg,label,custom,1080,1920,jpeg,170470,dataset,train,Yes,No,No,4,No,2026-04-01 12:30:48,2026-04-01 12:55:14.116356
1f980c14-2e03-48fa-829f-e024622288e5,211037_mp4-0326_jpg.rf.2ad08515fec8ca06e6dbe31715b2f431.jpg,20250506_211037_mp4-0326_jpg.rf.2ad08515fec8ca06e6dbe31715b2f431.jpg,projects/label/dataset/custom/val/211037_mp4-0326_jpg.rf.2ad08515fec8ca06e6dbe31715b2f431.jpg,label,custom,1080,1920,jpeg,178524,dataset,val,Yes,No,No,4,No,2026-04-01 12:30:48,2026-04-01 12:55:14.131888
69c1eafd-9adb-423f-8a98-f87b4c25a832,211037_mp4-0332_jpg.rf.e90ed6b4b79716ef13896d4755b719ca.jpg,20250506_211037_mp4-0332_jpg.rf.e90ed6b4b79716ef13896d4755b719ca.jpg,projects/label/dataset/custom/test/211037_mp4-0332_jpg.rf.e90ed6b4b79716ef13896d4755b719ca.jpg,label,custom,1080,1920,jpeg,162224,dataset,test,Yes,No,No,4,No,2026-04-01 12:30:48,2026-04-01 12:55:14.146913
04992379-f857-470e-ae6e-92f6eb3870c5,211037_mp4-0333_jpg.rf.ee808d9e4fb78f6e5a3f70252c127505.jpg,20250506_211037_mp4-0333_jpg.rf.ee808d9e4fb78f6e5a3f70252c127505.jpg,projects/label/dataset/custom/train/211037_mp4-0333_jpg.rf.ee808d9e4fb78f6e5a3f70252c127505.jpg,label,custom,1080,1920,jpeg,174502,dataset,train,Yes,No,No,4,No,2026-04-01 12:30:48,2026-04-01 12:55:14.161427
8610e411-ca37-4332-bfb3-647456204c19,211037_mp4-0337_jpg.rf.9d0110a15b88609741f1f1a12eeafbd9.jpg,20250506_211037_mp4-0337_jpg.rf.9d0110a15b88609741f1f1a12eeafbd9.jpg,projects/label/dataset/custom/test/211037_mp4-0337_jpg.rf.9d0110a15b88609741f1f1a12eeafbd9.jpg,label,custom,1080,1920,jpeg,166620,dataset,test,Yes,No,No,4,No,2026-04-01 12:30:48,2026-04-01 12:55:14.177974
3976ad4b-f060-4d69-b0ae-3ad138dff49a,211037_mp4-0339_jpg.rf.37ecfdfac26df9b129f4810529a1ebe5.jpg,20250506_211037_mp4-0339_jpg.rf.37ecfdfac26df9b129f4810529a1ebe5.jpg,projects/label/dataset/custom/train/211037_mp4-0339_jpg.rf.37ecfdfac26df9b129f4810529a1ebe5.jpg,label,custom,1080,1920,jpeg,154002,dataset,train,Yes,No,No,3,No,2026-04-01 12:30:48,2026-04-01 12:55:14.194004
86fdd9df-fb9f-4efd-93c7-4e1b23eab9a4,211037_mp4-0352_jpg.rf.2308aafd4f300cbecf56ef3efa5ceaa8.jpg,20250506_211037_mp4-0352_jpg.rf.2308aafd4f300cbecf56ef3efa5ceaa8.jpg,projects/label/dataset/custom/train/211037_mp4-0352_jpg.rf.2308aafd4f300cbecf56ef3efa5ceaa8.jpg,label,custom,1080,1920,jpeg,205975,dataset,train,Yes,No,No,4,No,2026-04-01 12:30:49,2026-04-01 12:55:14.209515
56ee67c4-605a-4e5a-a468-2017fcd83af5,211037_mp4-0365_jpg.rf.d1815938e563c00510652dc8b5da2697.jpg,20250506_211037_mp4-0365_jpg.rf.d1815938e563c00510652dc8b5da2697.jpg,projects/label/dataset/custom/train/211037_mp4-0365_jpg.rf.d1815938e563c00510652dc8b5da2697.jpg,label,custom,1080,1920,jpeg,158646,dataset,train,Yes,No,No,3,No,2026-04-01 12:30:49,2026-04-01 12:55:14.225558
a0cb3794-2524-429b-86b3-18c9a63082f7,211037_mp4-0366_jpg.rf.5fc5f176c0fc73e1190cc4bd3d032019.jpg,20250506_211037_mp4-0366_jpg.rf.5fc5f176c0fc73e1190cc4bd3d032019.jpg,projects/label/dataset/custom/train/211037_mp4-0366_jpg.rf.5fc5f176c0fc73e1190cc4bd3d032019.jpg,label,custom,1080,1920,jpeg,155861,dataset,train,Yes,No,No,3,No,2026-04-01 12:30:49,2026-04-01 12:55:14.252091
318e8a38-3c18-45fa-8efd-8bfb1a4d1a95,211037_mp4-0371_jpg.rf.b4b1c5ee1c715cf7d35e9947de7326cb.jpg,20250506_211037_mp4-0371_jpg.rf.b4b1c5ee1c715cf7d35e9947de7326cb.jpg,projects/label/dataset/custom/test/211037_mp4-0371_jpg.rf.b4b1c5ee1c715cf7d35e9947de7326cb.jpg,label,custom,1080,1920,jpeg,148450,dataset,test,Yes,No,No,3,No,2026-04-01 12:30:49,2026-04-01 12:55:14.266615
7c64c3c7-4512-4759-af01-b83d027f32ef,211037_mp4-0372_jpg.rf.2ca5998297ecfc89be3da8b36a9d5b37.jpg,20250506_211037_mp4-0372_jpg.rf.2ca5998297ecfc89be3da8b36a9d5b37.jpg,projects/label/dataset/custom/train/211037_mp4-0372_jpg.rf.2ca5998297ecfc89be3da8b36a9d5b37.jpg,label,custom,1080,1920,jpeg,154054,dataset,train,Yes,No,No,3,No,2026-04-01 12:30:49,2026-04-01 12:55:14.281636
be3bdfb9-291c-4e18-9ad5-d2b08951c741,211037_mp4-0379_jpg.rf.610ada9f555036bef08fee6906c942ca.jpg,20250506_211037_mp4-0379_jpg.rf.610ada9f555036bef08fee6906c942ca.jpg,projects/label/dataset/custom/val/211037_mp4-0379_jpg.rf.610ada9f555036bef08fee6906c942ca.jpg,label,custom,1080,1920,jpeg,191423,dataset,val,Yes,No,No,4,No,2026-04-01 12:30:49,2026-04-01 12:55:14.296667
57da69d3-8cf0-40c1-a6d5-92a7c516b15a,211037_mp4-0383_jpg.rf.d0cc8179ace44665ed299e96ed71f562.jpg,20250506_211037_mp4-0383_jpg.rf.d0cc8179ace44665ed299e96ed71f562.jpg,projects/label/dataset/custom/train/211037_mp4-0383_jpg.rf.d0cc8179ace44665ed299e96ed71f562.jpg,label,custom,1080,1920,jpeg,196526,dataset,train,Yes,No,No,5,No,2026-04-01 12:30:49,2026-04-01 12:55:14.312241
685b1f43-19f4-4db4-a648-590c8b34d739,211037_mp4-0386_jpg.rf.5885ecef1658a3c5aa535f8cb1a43d64.jpg,20250506_211037_mp4-0386_jpg.rf.5885ecef1658a3c5aa535f8cb1a43d64.jpg,projects/label/dataset/custom/train/211037_mp4-0386_jpg.rf.5885ecef1658a3c5aa535f8cb1a43d64.jpg,label,custom,1080,1920,jpeg,207801,dataset,train,Yes,No,No,6,No,2026-04-01 12:30:49,2026-04-01 12:55:14.326778
0a3c6331-82ea-4be6-b8fb-48a2e5e422e6,211037_mp4-0397_jpg.rf.a034f4fc4ef72935ae916cded89877cf.jpg,20250506_211037_mp4-0397_jpg.rf.a034f4fc4ef72935ae916cded89877cf.jpg,projects/label/dataset/custom/train/211037_mp4-0397_jpg.rf.a034f4fc4ef72935ae916cded89877cf.jpg,label,custom,1080,1920,jpeg,176719,dataset,train,Yes,No,No,5,No,2026-04-01 12:30:49,2026-04-01 12:55:14.341795
1a7e4fee-0876-44c0-a954-a096a429b806,211037_mp4-0402_jpg.rf.9aca1b468bcf279f840f3185ebff22ad.jpg,20250506_211037_mp4-0402_jpg.rf.9aca1b468bcf279f840f3185ebff22ad.jpg,projects/label/dataset/custom/train/211037_mp4-0402_jpg.rf.9aca1b468bcf279f840f3185ebff22ad.jpg,label,custom,1080,1920,jpeg,170034,dataset,train,Yes,No,No,5,No,2026-04-01 12:30:49,2026-04-01 12:55:14.357321
967b279e-c7d0-44e4-a658-174ec31188a1,211037_mp4-0406_jpg.rf.b7e56c05342b4bcc4958f64c01eb2faf.jpg,20250506_211037_mp4-0406_jpg.rf.b7e56c05342b4bcc4958f64c01eb2faf.jpg,projects/label/dataset/custom/val/211037_mp4-0406_jpg.rf.b7e56c05342b4bcc4958f64c01eb2faf.jpg,label,custom,1080,1920,jpeg,168467,dataset,val,Yes,No,No,4,No,2026-04-01 12:30:49,2026-04-01 12:55:14.372855
d28ee096-b746-45c4-a893-2bd3f0d76d19,211037_mp4-0409_jpg.rf.3add82e75487d42ab8d8dd80dd0d5382.jpg,20250506_211037_mp4-0409_jpg.rf.3add82e75487d42ab8d8dd80dd0d5382.jpg,projects/label/dataset/custom/train/211037_mp4-0409_jpg.rf.3add82e75487d42ab8d8dd80dd0d5382.jpg,label,custom,1080,1920,jpeg,165169,dataset,train,Yes,No,No,4,No,2026-04-01 12:30:49,2026-04-01 12:55:14.387377
feab0614-1b5d-405a-8517-2c2169603e37,211037_mp4-0410_jpg.rf.99bf3fbd7046d99f0cb60caf04b59183.jpg,20250506_211037_mp4-0410_jpg.rf.99bf3fbd7046d99f0cb60caf04b59183.jpg,projects/label/dataset/custom/test/211037_mp4-0410_jpg.rf.99bf3fbd7046d99f0cb60caf04b59183.jpg,label,custom,1080,1920,jpeg,139372,dataset,test,Yes,No,No,3,No,2026-04-01 12:30:49,2026-04-01 12:55:14.402400
35d02ffa-ed99-4704-9f14-d764e88e2f95,211037_mp4-0412_jpg.rf.d07f668a73233aa7604138b26a7779bf.jpg,20250506_211037_mp4-0412_jpg.rf.d07f668a73233aa7604138b26a7779bf.jpg,projects/label/dataset/custom/train/211037_mp4-0412_jpg.rf.d07f668a73233aa7604138b26a7779bf.jpg,label,custom,1080,1920,jpeg,169803,dataset,train,Yes,No,No,4,No,2026-04-01 12:30:49,2026-04-01 12:55:14.417928
47ad9432-6fe0-4ece-a57f-468558ce77b3,211037_mp4-0417_jpg.rf.9225f8560200fee17e26ec7d405ff6a4.jpg,20250506_211037_mp4-0417_jpg.rf.9225f8560200fee17e26ec7d405ff6a4.jpg,projects/label/dataset/custom/train/211037_mp4-0417_jpg.rf.9225f8560200fee17e26ec7d405ff6a4.jpg,label,custom,1080,1920,jpeg,171433,dataset,train,Yes,No,No,4,No,2026-04-01 12:30:49,2026-04-01 12:55:14.433958
cc214ee4-78ca-4a9c-890b-7e23b7edb632,211037_mp4-0419_jpg.rf.121b881e22c9e51eedd37b4fe36e62e1.jpg,20250506_211037_mp4-0419_jpg.rf.121b881e22c9e51eedd37b4fe36e62e1.jpg,projects/label/dataset/custom/val/211037_mp4-0419_jpg.rf.121b881e22c9e51eedd37b4fe36e62e1.jpg,label,custom,1080,1920,jpeg,183438,dataset,val,Yes,No,No,4,No,2026-04-01 12:30:49,2026-04-01 12:55:14.449473
f4ae2714-afe6-43bc-bac6-1e5aeb4302d5,211037_mp4-0420_jpg.rf.95ca2646d9ea6da0b4d4187f83617055.jpg,20250506_211037_mp4-0420_jpg.rf.95ca2646d9ea6da0b4d4187f83617055.jpg,projects/label/dataset/custom/test/211037_mp4-0420_jpg.rf.95ca2646d9ea6da0b4d4187f83617055.jpg,label,custom,1080,1920,jpeg,186906,dataset,test,Yes,No,No,4,No,2026-04-01 12:30:49,2026-04-01 12:55:14.464499
b93318dc-8d3b-4aff-b988-c0b099e58259,211037_mp4-0422_jpg.rf.9ae8b1e56edfa2f86d85395c96c2a7a0.jpg,20250506_211037_mp4-0422_jpg.rf.9ae8b1e56edfa2f86d85395c96c2a7a0.jpg,projects/label/dataset/custom/train/211037_mp4-0422_jpg.rf.9ae8b1e56edfa2f86d85395c96c2a7a0.jpg,label,custom,1080,1920,jpeg,177213,dataset,train,Yes,No,No,4,No,2026-04-01 12:30:49,2026-04-01 12:55:14.478541
532fe503-daed-4724-a5ad-bb8c105c5957,211037_mp4-0427_jpg.rf.202626e6399b68a4e33d0e683b4b152e.jpg,20250506_211037_mp4-0427_jpg.rf.202626e6399b68a4e33d0e683b4b152e.jpg,projects/label/dataset/custom/test/211037_mp4-0427_jpg.rf.202626e6399b68a4e33d0e683b4b152e.jpg,label,custom,1080,1920,jpeg,177751,dataset,test,Yes,No,No,4,No,2026-04-01 12:30:49,2026-04-01 12:55:14.493567
ad05a7c1-0e0a-4587-a2ae-43b5bead6f7a,211037_mp4-0430_jpg.rf.df32dca8a5cadba3fab7efafe58f8319.jpg,20250506_211037_mp4-0430_jpg.rf.df32dca8a5cadba3fab7efafe58f8319.jpg,projects/label/dataset/custom/train/211037_mp4-0430_jpg.rf.df32dca8a5cadba3fab7efafe58f8319.jpg,label,custom,1080,1920,jpeg,129205,dataset,train,Yes,No,No,1,No,2026-04-01 12:30:49,2026-04-01 12:55:14.508086
bf13da96-84e6-444d-9c6f-6db6729a024f,211037_mp4-0444_jpg.rf.ba411bb2429fb183b84859c686c1ff59.jpg,20250506_211037_mp4-0444_jpg.rf.ba411bb2429fb183b84859c686c1ff59.jpg,projects/label/dataset/custom/train/211037_mp4-0444_jpg.rf.ba411bb2429fb183b84859c686c1ff59.jpg,label,custom,1080,1920,jpeg,154777,dataset,train,Yes,No,No,2,No,2026-04-01 12:30:49,2026-04-01 12:55:14.522661
be02e182-f912-43d0-af14-c0c02678b138,211037_mp4-0445_jpg.rf.db90802e4716bb20d9b1f60473c0447c.jpg,20250506_211037_mp4-0445_jpg.rf.db90802e4716bb20d9b1f60473c0447c.jpg,projects/label/dataset/custom/train/211037_mp4-0445_jpg.rf.db90802e4716bb20d9b1f60473c0447c.jpg,label,custom,1080,1920,jpeg,154060,dataset,train,Yes,No,No,2,No,2026-04-01 12:30:49,2026-04-01 12:55:14.537180
fd1b1883-cade-45f1-827b-90830f1c3603,211037_mp4-0457_jpg.rf.77e90891e937248814a8fe186b7939d1.jpg,20250506_211037_mp4-0457_jpg.rf.77e90891e937248814a8fe186b7939d1.jpg,projects/label/dataset/custom/train/211037_mp4-0457_jpg.rf.77e90891e937248814a8fe186b7939d1.jpg,label,custom,1080,1920,jpeg,157824,dataset,train,Yes,No,No,2,No,2026-04-01 12:30:49,2026-04-01 12:55:14.553206
b394d5d9-fc5d-4724-aa5a-e9adbf7f6c76,211037_mp4-0459_jpg.rf.e61cb4a5d19455b5f4e1bea955814ba4.jpg,20250506_211037_mp4-0459_jpg.rf.e61cb4a5d19455b5f4e1bea955814ba4.jpg,projects/label/dataset/custom/test/211037_mp4-0459_jpg.rf.e61cb4a5d19455b5f4e1bea955814ba4.jpg,label,custom,1080,1920,jpeg,171527,dataset,test,Yes,No,No,3,No,2026-04-01 12:30:49,2026-04-01 12:55:14.568233
733a0e54-fc8e-40be-9394-2d28059c3b67,211037_mp4-0463_jpg.rf.ef5d47a971837845317af683f0d1bbc9.jpg,20250506_211037_mp4-0463_jpg.rf.ef5d47a971837845317af683f0d1bbc9.jpg,projects/label/dataset/custom/train/211037_mp4-0463_jpg.rf.ef5d47a971837845317af683f0d1bbc9.jpg,label,custom,1080,1920,jpeg,178331,dataset,train,Yes,No,No,3,No,2026-04-01 12:30:49,2026-04-01 12:55:14.583260
15a695af-a1c1-4051-ab8a-18096a5bf3dd,211037_mp4-0466_jpg.rf.a4dc300c1c11e9717ad5da9a8824d75a.jpg,20250506_211037_mp4-0466_jpg.rf.a4dc300c1c11e9717ad5da9a8824d75a.jpg,projects/label/dataset/custom/train/211037_mp4-0466_jpg.rf.a4dc300c1c11e9717ad5da9a8824d75a.jpg,label,custom,1080,1920,jpeg,173199,dataset,train,Yes,No,No,3,No,2026-04-01 12:30:49,2026-04-01 12:55:14.598781
fb372506-46f7-4bfd-8810-301d42e1d734,211037_mp4-0469_jpg.rf.dfc1774aee1b0cb53f79463ed7ddfaa5.jpg,20250506_211037_mp4-0469_jpg.rf.dfc1774aee1b0cb53f79463ed7ddfaa5.jpg,projects/label/dataset/custom/train/211037_mp4-0469_jpg.rf.dfc1774aee1b0cb53f79463ed7ddfaa5.jpg,label,custom,1080,1920,jpeg,184617,dataset,train,Yes,No,No,3,No,2026-04-01 12:30:49,2026-04-01 12:55:14.613322
8e7e4167-fa29-44b9-bf71-2a1d63254bf6,211037_mp4-0471_jpg.rf.6a1837458c35cb3256132d13177355f7.jpg,20250506_211037_mp4-0471_jpg.rf.6a1837458c35cb3256132d13177355f7.jpg,projects/label/dataset/custom/train/211037_mp4-0471_jpg.rf.6a1837458c35cb3256132d13177355f7.jpg,label,custom,1080,1920,jpeg,178551,dataset,train,Yes,No,No,3,No,2026-04-01 12:30:49,2026-04-01 12:55:14.631844
186c5ef7-9701-48bd-8fc9-435e16f44256,211037_mp4-0476_jpg.rf.39dd27222d70c36ac0b01caa74e033c5.jpg,20250506_211037_mp4-0476_jpg.rf.39dd27222d70c36ac0b01caa74e033c5.jpg,projects/label/dataset/custom/train/211037_mp4-0476_jpg.rf.39dd27222d70c36ac0b01caa74e033c5.jpg,label,custom,1080,1920,jpeg,184453,dataset,train,Yes,No,No,3,No,2026-04-01 12:30:49,2026-04-01 12:55:14.648874
7dd185ed-19cd-41f8-9605-5fbb85b64377,211037_mp4-0480_jpg.rf.6b2b7f0efd89d8702ce2825dfb4e5671.jpg,20250506_211037_mp4-0480_jpg.rf.6b2b7f0efd89d8702ce2825dfb4e5671.jpg,projects/label/dataset/custom/train/211037_mp4-0480_jpg.rf.6b2b7f0efd89d8702ce2825dfb4e5671.jpg,label,custom,1080,1920,jpeg,174096,dataset,train,Yes,No,No,3,No,2026-04-01 12:30:49,2026-04-01 12:55:14.663901
c93b8109-071d-4c2e-9f9f-81044b6cee28,211037_mp4-0488_jpg.rf.c1b6116b8f5b7a2b42ea7c8579b587f6.jpg,20250506_211037_mp4-0488_jpg.rf.c1b6116b8f5b7a2b42ea7c8579b587f6.jpg,projects/label/dataset/custom/train/211037_mp4-0488_jpg.rf.c1b6116b8f5b7a2b42ea7c8579b587f6.jpg,label,custom,1080,1920,jpeg,127029,dataset,train,Yes,No,No,2,No,2026-04-01 12:30:49,2026-04-01 12:55:14.678454
21ecc0f2-fad1-4aec-b685-9a9906a4c753,211037_mp4-0489_jpg.rf.d11c5b614fb9d6a05ab96cca0b09e776.jpg,20250506_211037_mp4-0489_jpg.rf.d11c5b614fb9d6a05ab96cca0b09e776.jpg,projects/label/dataset/custom/train/211037_mp4-0489_jpg.rf.d11c5b614fb9d6a05ab96cca0b09e776.jpg,label,custom,1080,1920,jpeg,141508,dataset,train,Yes,No,No,2,No,2026-04-01 12:30:49,2026-04-01 12:55:14.692980
61a2ed4d-4841-4e45-bf29-883e1e1e88b7,211037_mp4-0490_jpg.rf.2d4eae3c3337631e5ee525dfd6e1cb58.jpg,20250506_211037_mp4-0490_jpg.rf.2d4eae3c3337631e5ee525dfd6e1cb58.jpg,projects/label/dataset/custom/val/211037_mp4-0490_jpg.rf.2d4eae3c3337631e5ee525dfd6e1cb58.jpg,label,custom,1080,1920,jpeg,146216,dataset,val,Yes,No,No,3,No,2026-04-01 12:30:49,2026-04-01 12:55:14.707499
6c21a3f3-b7f8-4ab5-9dee-3c991ffded08,211037_mp4-0491_jpg.rf.c848472b5e4338c9abe23d88752a574f.jpg,20250506_211037_mp4-0491_jpg.rf.c848472b5e4338c9abe23d88752a574f.jpg,projects/label/dataset/custom/train/211037_mp4-0491_jpg.rf.c848472b5e4338c9abe23d88752a574f.jpg,label,custom,1080,1920,jpeg,162503,dataset,train,Yes,No,No,3,No,2026-04-01 12:30:49,2026-04-01 12:55:14.721515
673cbcfa-d580-4168-94dd-e844dc7358d5,211037_mp4-0498_jpg.rf.a890d885259e1a4faa1b57a584354dd1.jpg,20250506_211037_mp4-0498_jpg.rf.a890d885259e1a4faa1b57a584354dd1.jpg,projects/label/dataset/custom/train/211037_mp4-0498_jpg.rf.a890d885259e1a4faa1b57a584354dd1.jpg,label,custom,1080,1920,jpeg,170618,dataset,train,Yes,No,No,3,No,2026-04-01 12:30:49,2026-04-01 12:55:14.735549
e0fb8a04-ee49-41cd-9c25-f4726f4c413a,211037_mp4-0512_jpg.rf.d80446d61a450e599c37939a973d5ab2.jpg,20250506_211037_mp4-0512_jpg.rf.d80446d61a450e599c37939a973d5ab2.jpg,projects/label/dataset/custom/train/211037_mp4-0512_jpg.rf.d80446d61a450e599c37939a973d5ab2.jpg,label,custom,1080,1920,jpeg,167305,dataset,train,Yes,No,No,3,No,2026-04-01 12:30:49,2026-04-01 12:55:14.750060
58c2d177-9dc9-4b9d-8441-5d0ebfc7f0c0,211037_mp4-0513_jpg.rf.802accfc9f648a27fd5ea9ed770afe25.jpg,20250506_211037_mp4-0513_jpg.rf.802accfc9f648a27fd5ea9ed770afe25.jpg,projects/label/dataset/custom/val/211037_mp4-0513_jpg.rf.802accfc9f648a27fd5ea9ed770afe25.jpg,label,custom,1080,1920,jpeg,167760,dataset,val,Yes,No,No,3,No,2026-04-01 12:30:49,2026-04-01 12:55:14.764084
3a16f164-ce0e-4f7f-bcf7-973cab154402,211037_mp4-0514_jpg.rf.8db309109219ee576e338252bdd905f2.jpg,20250506_211037_mp4-0514_jpg.rf.8db309109219ee576e338252bdd905f2.jpg,projects/label/dataset/custom/train/211037_mp4-0514_jpg.rf.8db309109219ee576e338252bdd905f2.jpg,label,custom,1080,1920,jpeg,174995,dataset,train,Yes,No,No,3,No,2026-04-01 12:30:49,2026-04-01 12:55:14.778603
ab40ca4f-2ad5-4b84-84ec-60bc55e0b637,211037_mp4-0515_jpg.rf.57561d8b658a685a45b8a01d31f7fc1e.jpg,20250506_211037_mp4-0515_jpg.rf.57561d8b658a685a45b8a01d31f7fc1e.jpg,projects/label/dataset/custom/test/211037_mp4-0515_jpg.rf.57561d8b658a685a45b8a01d31f7fc1e.jpg,label,custom,1080,1920,jpeg,173373,dataset,test,Yes,No,No,3,No,2026-04-01 12:30:49,2026-04-01 12:55:14.793625
9e5735aa-bf2e-4307-a452-cc92a693495a,211037_mp4-0520_jpg.rf.2bb2ad611fccaf3daa45374bb9d68065.jpg,20250506_211037_mp4-0520_jpg.rf.2bb2ad611fccaf3daa45374bb9d68065.jpg,projects/label/dataset/custom/val/211037_mp4-0520_jpg.rf.2bb2ad611fccaf3daa45374bb9d68065.jpg,label,custom,1080,1920,jpeg,178200,dataset,val,Yes,No,No,3,No,2026-04-01 12:30:49,2026-04-01 12:55:14.807143
dcdbc863-38f2-40ff-b90b-2e65ee2d1397,211037_mp4-0527_jpg.rf.ad0208230a76689e1eeb425f135efcb4.jpg,20250506_211037_mp4-0527_jpg.rf.ad0208230a76689e1eeb425f135efcb4.jpg,projects/label/dataset/custom/val/211037_mp4-0527_jpg.rf.ad0208230a76689e1eeb425f135efcb4.jpg,label,custom,1080,1920,jpeg,164518,dataset,val,Yes,No,No,3,No,2026-04-01 12:30:49,2026-04-01 12:55:14.821672
0829bf7f-4d0f-4f70-bb6a-2ba8c1ba5f3d,211037_mp4-0534_jpg.rf.923a9b68273127ceb6aadfac28e82227.jpg,20250506_211037_mp4-0534_jpg.rf.923a9b68273127ceb6aadfac28e82227.jpg,projects/label/dataset/custom/train/211037_mp4-0534_jpg.rf.923a9b68273127ceb6aadfac28e82227.jpg,label,custom,1080,1920,jpeg,152171,dataset,train,Yes,No,No,3,No,2026-04-01 12:30:49,2026-04-01 12:55:14.835198
eead8944-2621-4c38-b5b0-33ce5cab2034,211037_mp4-0536_jpg.rf.ed13620d1ed5e66ef967d3c0741f18ac.jpg,20250506_211037_mp4-0536_jpg.rf.ed13620d1ed5e66ef967d3c0741f18ac.jpg,projects/label/dataset/custom/train/211037_mp4-0536_jpg.rf.ed13620d1ed5e66ef967d3c0741f18ac.jpg,label,custom,1080,1920,jpeg,166754,dataset,train,Yes,No,No,3,No,2026-04-01 12:30:49,2026-04-01 12:55:14.849715
6c2dd9ab-3f67-4d83-becd-c89611f75ae0,211037_mp4-0537_jpg.rf.18c522c470ebbd314f4c43dee9e3cee8.jpg,20250506_211037_mp4-0537_jpg.rf.18c522c470ebbd314f4c43dee9e3cee8.jpg,projects/label/dataset/custom/train/211037_mp4-0537_jpg.rf.18c522c470ebbd314f4c43dee9e3cee8.jpg,label,custom,1080,1920,jpeg,166043,dataset,train,Yes,No,No,3,No,2026-04-01 12:30:49,2026-04-01 12:55:14.863740
32767749-6159-4017-8341-1db92ac3769c,211037_mp4-0541_jpg.rf.908d4d1b53c6b9c8129480181aa89d24.jpg,20250506_211037_mp4-0541_jpg.rf.908d4d1b53c6b9c8129480181aa89d24.jpg,projects/label/dataset/custom/train/211037_mp4-0541_jpg.rf.908d4d1b53c6b9c8129480181aa89d24.jpg,label,custom,1080,1920,jpeg,169668,dataset,train,Yes,No,No,3,No,2026-04-01 12:30:49,2026-04-01 12:55:14.877259
5e4bba5a-6fb0-4712-9ca4-30ac2935f290,211037_mp4-0544_jpg.rf.e34393140ee17c0180312c0eaf3ce7d6.jpg,20250506_211037_mp4-0544_jpg.rf.e34393140ee17c0180312c0eaf3ce7d6.jpg,projects/label/dataset/custom/train/211037_mp4-0544_jpg.rf.e34393140ee17c0180312c0eaf3ce7d6.jpg,label,custom,1080,1920,jpeg,168615,dataset,train,Yes,No,No,3,No,2026-04-01 12:30:49,2026-04-01 12:55:14.892274
babcfb1f-0392-4578-818a-544462dde6e5,211037_mp4-0545_jpg.rf.f1d5b570a450e0531fa3419a81798d06.jpg,20250506_211037_mp4-0545_jpg.rf.f1d5b570a450e0531fa3419a81798d06.jpg,projects/label/dataset/custom/val/211037_mp4-0545_jpg.rf.f1d5b570a450e0531fa3419a81798d06.jpg,label,custom,1080,1920,jpeg,167348,dataset,val,Yes,No,No,3,No,2026-04-01 12:30:49,2026-04-01 12:55:14.905797
cb4edb26-bbbc-453b-94de-4a5539a960aa,211037_mp4-0555_jpg.rf.a0da886284385e0176754d0f76c39008.jpg,20250506_211037_mp4-0555_jpg.rf.a0da886284385e0176754d0f76c39008.jpg,projects/label/dataset/custom/test/211037_mp4-0555_jpg.rf.a0da886284385e0176754d0f76c39008.jpg,label,custom,1080,1920,jpeg,162577,dataset,test,Yes,No,No,3,No,2026-04-01 12:30:49,2026-04-01 12:55:14.919816
a946bb76-b603-4de6-ad61-e7816f0be73d,211037_mp4-0566_jpg.rf.8d3ed3f1381ee877d5c053013d276167.jpg,20250506_211037_mp4-0566_jpg.rf.8d3ed3f1381ee877d5c053013d276167.jpg,projects/label/dataset/custom/train/211037_mp4-0566_jpg.rf.8d3ed3f1381ee877d5c053013d276167.jpg,label,custom,1080,1920,jpeg,156849,dataset,train,Yes,No,No,3,No,2026-04-01 12:30:49,2026-04-01 12:55:14.934845
f8dd8014-5848-45cb-9be5-308114e67a73,211037_mp4-0574_jpg.rf.fedac32c66d1b7f6a41b1fa57398f333.jpg,20250506_211037_mp4-0574_jpg.rf.fedac32c66d1b7f6a41b1fa57398f333.jpg,projects/label/dataset/custom/train/211037_mp4-0574_jpg.rf.fedac32c66d1b7f6a41b1fa57398f333.jpg,label,custom,1080,1920,jpeg,155315,dataset,train,Yes,No,No,3,No,2026-04-01 12:30:49,2026-04-01 12:55:14.948359
1fc8d11b-d834-4479-b046-d7cc39a74107,211037_mp4-0582_jpg.rf.120750cad756d21ba78e90c47207425f.jpg,20250506_211037_mp4-0582_jpg.rf.120750cad756d21ba78e90c47207425f.jpg,projects/label/dataset/custom/train/211037_mp4-0582_jpg.rf.120750cad756d21ba78e90c47207425f.jpg,label,custom,1080,1920,jpeg,183065,dataset,train,Yes,No,No,3,No,2026-04-01 12:30:49,2026-04-01 12:55:14.962378
2a7fb1fe-12fe-40ce-aff2-869d45be18ae,211037_mp4-0584_jpg.rf.6138ae2cb99c162079f877b58a4b9c9c.jpg,20250506_211037_mp4-0584_jpg.rf.6138ae2cb99c162079f877b58a4b9c9c.jpg,projects/label/dataset/custom/train/211037_mp4-0584_jpg.rf.6138ae2cb99c162079f877b58a4b9c9c.jpg,label,custom,1080,1920,jpeg,180524,dataset,train,Yes,No,No,3,No,2026-04-01 12:30:49,2026-04-01 12:55:14.976902
2c27a77f-71e6-4f7c-b8e9-1e5e42189fca,211037_mp4-0585_jpg.rf.d0654ae8a3d5b4841b615a8874813c77.jpg,20250506_211037_mp4-0585_jpg.rf.d0654ae8a3d5b4841b615a8874813c77.jpg,projects/label/dataset/custom/val/211037_mp4-0585_jpg.rf.d0654ae8a3d5b4841b615a8874813c77.jpg,label,custom,1080,1920,jpeg,181265,dataset,val,Yes,No,No,3,No,2026-04-01 12:30:49,2026-04-01 12:55:14.991418
193e5867-e8f1-4a56-830f-e8861c70d0f9,211037_mp4-0599_jpg.rf.2a3b94cae09c5883d7c3f7add1c4def2.jpg,20250506_211037_mp4-0599_jpg.rf.2a3b94cae09c5883d7c3f7add1c4def2.jpg,projects/label/dataset/custom/train/211037_mp4-0599_jpg.rf.2a3b94cae09c5883d7c3f7add1c4def2.jpg,label,custom,1080,1920,jpeg,136418,dataset,train,Yes,No,No,2,No,2026-04-01 12:30:49,2026-04-01 12:55:15.005450
1c15f432-902c-4681-a633-d9846d36ce32,211037_mp4-0600_jpg.rf.1ca8bd922d71a2170553649306c2026a.jpg,20250506_211037_mp4-0600_jpg.rf.1ca8bd922d71a2170553649306c2026a.jpg,projects/label/dataset/custom/test/211037_mp4-0600_jpg.rf.1ca8bd922d71a2170553649306c2026a.jpg,label,custom,1080,1920,jpeg,141660,dataset,test,Yes,No,No,2,No,2026-04-01 12:30:49,2026-04-01 12:55:15.019465
6b02c1e5-eba1-47cb-8db0-f92f1e48d25b,211037_mp4-0614_jpg.rf.6c21a94a3cabf01bc1c6a136c954c4a9.jpg,20250506_211037_mp4-0614_jpg.rf.6c21a94a3cabf01bc1c6a136c954c4a9.jpg,projects/label/dataset/custom/train/211037_mp4-0614_jpg.rf.6c21a94a3cabf01bc1c6a136c954c4a9.jpg,label,custom,1080,1920,jpeg,152021,dataset,train,Yes,No,No,3,No,2026-04-01 12:30:50,2026-04-01 12:55:15.033491
8009ebbd-0a65-447c-9d07-5dc1149e848a,211037_mp4-0616_jpg.rf.bcbc475a6bba31ed92bf9750ab49f997.jpg,20250506_211037_mp4-0616_jpg.rf.bcbc475a6bba31ed92bf9750ab49f997.jpg,projects/label/dataset/custom/train/211037_mp4-0616_jpg.rf.bcbc475a6bba31ed92bf9750ab49f997.jpg,label,custom,1080,1920,jpeg,169375,dataset,train,Yes,No,No,3,No,2026-04-01 12:30:50,2026-04-01 12:55:15.048010
4bea0e04-7975-48bc-9256-e15ff3f1c7ce,211037_mp4-0623_jpg.rf.38314f420eae897ba16b1ca228df1bef.jpg,20250506_211037_mp4-0623_jpg.rf.38314f420eae897ba16b1ca228df1bef.jpg,projects/label/dataset/custom/val/211037_mp4-0623_jpg.rf.38314f420eae897ba16b1ca228df1bef.jpg,label,custom,1080,1920,jpeg,165274,dataset,val,Yes,No,No,3,No,2026-04-01 12:30:50,2026-04-01 12:55:15.062025
2b6c0e78-dd68-4c0d-afa3-0a39f5d0da47,211037_mp4-0627_jpg.rf.9e43593bfdb0a6617cf01206771535c3.jpg,20250506_211037_mp4-0627_jpg.rf.9e43593bfdb0a6617cf01206771535c3.jpg,projects/label/dataset/custom/train/211037_mp4-0627_jpg.rf.9e43593bfdb0a6617cf01206771535c3.jpg,label,custom,1080,1920,jpeg,157935,dataset,train,Yes,No,No,3,No,2026-04-01 12:30:50,2026-04-01 12:55:15.077067
8c616a02-b5b9-4d64-858d-148b08a692b0,211037_mp4-0628_jpg.rf.b34e0107b33d452946c1141751fe2990.jpg,20250506_211037_mp4-0628_jpg.rf.b34e0107b33d452946c1141751fe2990.jpg,projects/label/dataset/custom/train/211037_mp4-0628_jpg.rf.b34e0107b33d452946c1141751fe2990.jpg,label,custom,1080,1920,jpeg,164786,dataset,train,Yes,No,No,3,No,2026-04-01 12:30:50,2026-04-01 12:55:15.090580
90dbb00f-eca8-4330-b572-cb56c0351a22,211037_mp4-0633_jpg.rf.b80e5ec077a46564ef5dddad8983c45d.jpg,20250506_211037_mp4-0633_jpg.rf.b80e5ec077a46564ef5dddad8983c45d.jpg,projects/label/dataset/custom/val/211037_mp4-0633_jpg.rf.b80e5ec077a46564ef5dddad8983c45d.jpg,label,custom,1080,1920,jpeg,129624,dataset,val,Yes,No,No,2,No,2026-04-01 12:30:50,2026-04-01 12:55:15.104609
43f12f22-2812-4460-b7bb-1e9924a6f2b8,211037_mp4-0634_jpg.rf.fd99dbb5700dd97ee16ae9b311ca90c0.jpg,20250506_211037_mp4-0634_jpg.rf.fd99dbb5700dd97ee16ae9b311ca90c0.jpg,projects/label/dataset/custom/train/211037_mp4-0634_jpg.rf.fd99dbb5700dd97ee16ae9b311ca90c0.jpg,label,custom,1080,1920,jpeg,143951,dataset,train,Yes,No,No,2,No,2026-04-01 12:30:50,2026-04-01 12:55:15.118622
a212385d-c903-46b4-95aa-58e32be226b0,211037_mp4-0636_jpg.rf.7707b577e02759f9139313bfad568cb1.jpg,20250506_211037_mp4-0636_jpg.rf.7707b577e02759f9139313bfad568cb1.jpg,projects/label/dataset/custom/train/211037_mp4-0636_jpg.rf.7707b577e02759f9139313bfad568cb1.jpg,label,custom,1080,1920,jpeg,157202,dataset,train,Yes,No,No,3,No,2026-04-01 12:30:50,2026-04-01 12:55:15.134163
bf3806c0-3936-4f36-b430-9bd85fae33fb,211037_mp4-0637_jpg.rf.2da416577a21d00ce36e3c63254b737d.jpg,20250506_211037_mp4-0637_jpg.rf.2da416577a21d00ce36e3c63254b737d.jpg,projects/label/dataset/custom/train/211037_mp4-0637_jpg.rf.2da416577a21d00ce36e3c63254b737d.jpg,label,custom,1080,1920,jpeg,165506,dataset,train,Yes,No,No,3,No,2026-04-01 12:30:50,2026-04-01 12:55:15.147679
91ad7abe-e6cc-4fc8-976d-02191e091cde,211037_mp4-0641_jpg.rf.75f6bb7adac6ff01c169c2a67e899ecc.jpg,20250506_211037_mp4-0641_jpg.rf.75f6bb7adac6ff01c169c2a67e899ecc.jpg,projects/label/dataset/custom/val/211037_mp4-0641_jpg.rf.75f6bb7adac6ff01c169c2a67e899ecc.jpg,label,custom,1080,1920,jpeg,158808,dataset,val,Yes,No,No,3,No,2026-04-01 12:30:50,2026-04-01 12:55:15.161694
54210207-960d-46f4-b6c2-b94bbd170116,211037_mp4-0642_jpg.rf.e5506cbfdca45fd4344048636b768cdf.jpg,20250506_211037_mp4-0642_jpg.rf.e5506cbfdca45fd4344048636b768cdf.jpg,projects/label/dataset/custom/train/211037_mp4-0642_jpg.rf.e5506cbfdca45fd4344048636b768cdf.jpg,label,custom,1080,1920,jpeg,135360,dataset,train,Yes,No,No,2,No,2026-04-01 12:30:50,2026-04-01 12:55:15.176218
ce167df5-533b-40ff-aaea-043ea0f0d2d3,211037_mp4-0643_jpg.rf.a425e254149567cd8afc36412800245c.jpg,20250506_211037_mp4-0643_jpg.rf.a425e254149567cd8afc36412800245c.jpg,projects/label/dataset/custom/train/211037_mp4-0643_jpg.rf.a425e254149567cd8afc36412800245c.jpg,label,custom,1080,1920,jpeg,134318,dataset,train,Yes,No,No,2,No,2026-04-01 12:30:50,2026-04-01 12:55:15.189732
6062ce87-85eb-4505-8506-c4bcd473c517,211037_mp4-0647_jpg.rf.281b184734071a2df310d6126d049d0b.jpg,20250506_211037_mp4-0647_jpg.rf.281b184734071a2df310d6126d049d0b.jpg,projects/label/dataset/custom/train/211037_mp4-0647_jpg.rf.281b184734071a2df310d6126d049d0b.jpg,label,custom,1080,1920,jpeg,160193,dataset,train,Yes,No,No,3,No,2026-04-01 12:30:50,2026-04-01 12:55:15.203758
6dc0ee6c-87d2-4e99-90f8-6b05300a2375,211037_mp4-0648_jpg.rf.062e9cdb7f988c24d26d3ed9ae9376d8.jpg,20250506_211037_mp4-0648_jpg.rf.062e9cdb7f988c24d26d3ed9ae9376d8.jpg,projects/label/dataset/custom/train/211037_mp4-0648_jpg.rf.062e9cdb7f988c24d26d3ed9ae9376d8.jpg,label,custom,1080,1920,jpeg,161735,dataset,train,Yes,No,No,3,No,2026-04-01 12:30:50,2026-04-01 12:55:15.217775
58cff65d-0bf9-4062-9b28-db9714a4fc65,211037_mp4-0649_jpg.rf.b86da180e0656fcac5e77792e0a4abc3.jpg,20250506_211037_mp4-0649_jpg.rf.b86da180e0656fcac5e77792e0a4abc3.jpg,projects/label/dataset/custom/val/211037_mp4-0649_jpg.rf.b86da180e0656fcac5e77792e0a4abc3.jpg,label,custom,1080,1920,jpeg,162016,dataset,val,Yes,No,No,3,No,2026-04-01 12:30:50,2026-04-01 12:55:15.231798
735ec1c8-0f73-4f55-926f-6aac528baccc,211037_mp4-0650_jpg.rf.6b939f703473e8df93711ad0a9c72848.jpg,20250506_211037_mp4-0650_jpg.rf.6b939f703473e8df93711ad0a9c72848.jpg,projects/label/dataset/custom/train/211037_mp4-0650_jpg.rf.6b939f703473e8df93711ad0a9c72848.jpg,label,custom,1080,1920,jpeg,167482,dataset,train,Yes,No,No,3,No,2026-04-01 12:30:50,2026-04-01 12:55:15.246319
416a83b7-a01b-40ef-8677-edd309ca89a5,211037_mp4-0655_jpg.rf.9807ed48d1d67d0f86ace4099bb527a1.jpg,20250506_211037_mp4-0655_jpg.rf.9807ed48d1d67d0f86ace4099bb527a1.jpg,projects/label/dataset/custom/test/211037_mp4-0655_jpg.rf.9807ed48d1d67d0f86ace4099bb527a1.jpg,label,custom,1080,1920,jpeg,167218,dataset,test,Yes,No,No,3,No,2026-04-01 12:30:50,2026-04-01 12:55:15.261833
0bdd8680-31c4-40b4-b83c-f438093490d8,211037_mp4-0662_jpg.rf.9ee947905d9655fa23afc0a1ba7ca8f6.jpg,20250506_211037_mp4-0662_jpg.rf.9ee947905d9655fa23afc0a1ba7ca8f6.jpg,projects/label/dataset/custom/train/211037_mp4-0662_jpg.rf.9ee947905d9655fa23afc0a1ba7ca8f6.jpg,label,custom,1080,1920,jpeg,155249,dataset,train,Yes,No,No,3,No,2026-04-01 12:30:50,2026-04-01 12:55:15.276393
1841bddc-8023-44ff-8c67-70e3e3bcc477,211037_mp4-0664_jpg.rf.3a5ef1778e15a4e1c81f3bb5f5590402.jpg,20250506_211037_mp4-0664_jpg.rf.3a5ef1778e15a4e1c81f3bb5f5590402.jpg,projects/label/dataset/custom/test/211037_mp4-0664_jpg.rf.3a5ef1778e15a4e1c81f3bb5f5590402.jpg,label,custom,1080,1920,jpeg,166156,dataset,test,Yes,No,No,3,No,2026-04-01 12:30:50,2026-04-01 12:55:15.289907
cbbf88d7-c74d-4498-bb1d-b6a78a2d772b,211037_mp4-0671_jpg.rf.e5b70f7d513cd0564b008f169bc125f0.jpg,20250506_211037_mp4-0671_jpg.rf.e5b70f7d513cd0564b008f169bc125f0.jpg,projects/label/dataset/custom/train/211037_mp4-0671_jpg.rf.e5b70f7d513cd0564b008f169bc125f0.jpg,label,custom,1080,1920,jpeg,169271,dataset,train,Yes,No,No,3,No,2026-04-01 12:30:50,2026-04-01 12:55:15.303936
027856b8-e820-46ed-a2cd-d944728b42c7,211037_mp4-0675_jpg.rf.9bbb21bde5bb66e2296cb990aa058d65.jpg,20250506_211037_mp4-0675_jpg.rf.9bbb21bde5bb66e2296cb990aa058d65.jpg,projects/label/dataset/custom/test/211037_mp4-0675_jpg.rf.9bbb21bde5bb66e2296cb990aa058d65.jpg,label,custom,1080,1920,jpeg,163114,dataset,test,Yes,No,No,3,No,2026-04-01 12:30:50,2026-04-01 12:55:15.318032
56a19b20-96e5-4b5d-9f17-e2266624b59d,211037_mp4-0677_jpg.rf.7d9df752f7dd97e498531c8e7875535f.jpg,20250506_211037_mp4-0677_jpg.rf.7d9df752f7dd97e498531c8e7875535f.jpg,projects/label/dataset/custom/val/211037_mp4-0677_jpg.rf.7d9df752f7dd97e498531c8e7875535f.jpg,label,custom,1080,1920,jpeg,160305,dataset,val,Yes,No,No,3,No,2026-04-01 12:30:50,2026-04-01 12:55:15.331558
ce697fcb-26f5-42db-8863-d8beac4570df,211037_mp4-0679_jpg.rf.fcaa5416d927e37e69424f9c803cc12d.jpg,20250506_211037_mp4-0679_jpg.rf.fcaa5416d927e37e69424f9c803cc12d.jpg,projects/label/dataset/custom/train/211037_mp4-0679_jpg.rf.fcaa5416d927e37e69424f9c803cc12d.jpg,label,custom,1080,1920,jpeg,162983,dataset,train,Yes,No,No,3,No,2026-04-01 12:30:50,2026-04-01 12:55:15.346081
5205e41f-88ed-487d-a8a1-b1a870a50eb0,211037_mp4-0680_jpg.rf.cba68abd7165ab2e74076fd2ed5343a8.jpg,20250506_211037_mp4-0680_jpg.rf.cba68abd7165ab2e74076fd2ed5343a8.jpg,projects/label/dataset/custom/test/211037_mp4-0680_jpg.rf.cba68abd7165ab2e74076fd2ed5343a8.jpg,label,custom,1080,1920,jpeg,166820,dataset,test,Yes,No,No,3,No,2026-04-01 12:30:50,2026-04-01 12:55:15.359593
58e8e4a7-9063-4833-aff0-d6ee5f8bc13c,211037_mp4-0683_jpg.rf.900480e7d4a74f729dd3cc56cc4c4727.jpg,20250506_211037_mp4-0683_jpg.rf.900480e7d4a74f729dd3cc56cc4c4727.jpg,projects/label/dataset/custom/train/211037_mp4-0683_jpg.rf.900480e7d4a74f729dd3cc56cc4c4727.jpg,label,custom,1080,1920,jpeg,152527,dataset,train,Yes,No,No,3,No,2026-04-01 12:30:50,2026-04-01 12:55:15.375135
ebbf9967-9fe7-4597-adce-ef99fe7ff6c3,211037_mp4-0684_jpg.rf.0e32a7c19ba320e8443c4b6064a6bd94.jpg,20250506_211037_mp4-0684_jpg.rf.0e32a7c19ba320e8443c4b6064a6bd94.jpg,projects/label/dataset/custom/train/211037_mp4-0684_jpg.rf.0e32a7c19ba320e8443c4b6064a6bd94.jpg,label,custom,1080,1920,jpeg,158440,dataset,train,Yes,No,No,3,No,2026-04-01 12:30:50,2026-04-01 12:55:15.389652
95916a9f-4527-487d-b934-5fa4fabe9636,211037_mp4-0686_jpg.rf.29e688c8cf3ee743c45aad3f2382f48f.jpg,20250506_211037_mp4-0686_jpg.rf.29e688c8cf3ee743c45aad3f2382f48f.jpg,projects/label/dataset/custom/train/211037_mp4-0686_jpg.rf.29e688c8cf3ee743c45aad3f2382f48f.jpg,label,custom,1080,1920,jpeg,158653,dataset,train,Yes,No,No,3,No,2026-04-01 12:30:50,2026-04-01 12:55:15.403672
a29d4257-aad8-4167-98a7-f45fd03c053e,211037_mp4-0689_jpg.rf.52ec016c7f7fa7fd184f4b567031f73d.jpg,20250506_211037_mp4-0689_jpg.rf.52ec016c7f7fa7fd184f4b567031f73d.jpg,projects/label/dataset/custom/train/211037_mp4-0689_jpg.rf.52ec016c7f7fa7fd184f4b567031f73d.jpg,label,custom,1080,1920,jpeg,145938,dataset,train,Yes,No,No,3,No,2026-04-01 12:30:50,2026-04-01 12:55:15.417689
c5e76875-ce42-48ae-bcf0-5b07671db906,211037_mp4-0692_jpg.rf.fda41f36e3fcc23935291e0b81d73aee.jpg,20250506_211037_mp4-0692_jpg.rf.fda41f36e3fcc23935291e0b81d73aee.jpg,projects/label/dataset/custom/train/211037_mp4-0692_jpg.rf.fda41f36e3fcc23935291e0b81d73aee.jpg,label,custom,1080,1920,jpeg,157010,dataset,train,Yes,No,No,3,No,2026-04-01 12:30:50,2026-04-01 12:55:15.430711
b5b0a778-fc0f-4381-89f0-66a0addb3e57,211037_mp4-0696_jpg.rf.ac33da1548fac9ea7699ae899e72185d.jpg,20250506_211037_mp4-0696_jpg.rf.ac33da1548fac9ea7699ae899e72185d.jpg,projects/label/dataset/custom/train/211037_mp4-0696_jpg.rf.ac33da1548fac9ea7699ae899e72185d.jpg,label,custom,1080,1920,jpeg,154811,dataset,train,Yes,No,No,3,No,2026-04-01 12:30:50,2026-04-01 12:55:15.444739
3fc7c6c4-497e-4606-b36c-ecaf9df3026b,211037_mp4-0698_jpg.rf.f249552e9da0f2c270ee17efc8f2baf6.jpg,20250506_211037_mp4-0698_jpg.rf.f249552e9da0f2c270ee17efc8f2baf6.jpg,projects/label/dataset/custom/train/211037_mp4-0698_jpg.rf.f249552e9da0f2c270ee17efc8f2baf6.jpg,label,custom,1080,1920,jpeg,164072,dataset,train,Yes,No,No,3,No,2026-04-01 12:30:50,2026-04-01 12:55:15.459253
a3c1c5da-b85f-4b3d-8ece-a4da2ac15050,211037_mp4-0699_jpg.rf.bd54660e9649fb0aa9dc32c9684f4cf4.jpg,20250506_211037_mp4-0699_jpg.rf.bd54660e9649fb0aa9dc32c9684f4cf4.jpg,projects/label/dataset/custom/val/211037_mp4-0699_jpg.rf.bd54660e9649fb0aa9dc32c9684f4cf4.jpg,label,custom,1080,1920,jpeg,167970,dataset,val,Yes,No,No,3,No,2026-04-01 12:30:50,2026-04-01 12:55:15.472785
18636812-c6a6-4bd6-b18b-e76f300c7303,211037_mp4-0700_jpg.rf.87b0586534a09e73e14cfdc6b21d44f3.jpg,20250506_211037_mp4-0700_jpg.rf.87b0586534a09e73e14cfdc6b21d44f3.jpg,projects/label/dataset/custom/train/211037_mp4-0700_jpg.rf.87b0586534a09e73e14cfdc6b21d44f3.jpg,label,custom,1080,1920,jpeg,174538,dataset,train,Yes,No,No,3,No,2026-04-01 12:30:50,2026-04-01 12:55:15.486302
7ed68598-bcc7-418c-a52f-7256f3c75396,211037_mp4-0702_jpg.rf.101bf6d570cc362757c3c45d0628a1e4.jpg,20250506_211037_mp4-0702_jpg.rf.101bf6d570cc362757c3c45d0628a1e4.jpg,projects/label/dataset/custom/test/211037_mp4-0702_jpg.rf.101bf6d570cc362757c3c45d0628a1e4.jpg,label,custom,1080,1920,jpeg,169919,dataset,test,Yes,No,No,3,No,2026-04-01 12:30:50,2026-04-01 12:55:15.501814
c08ef630-22b3-4264-847d-0b45c6e69fab,211037_mp4-0708_jpg.rf.d6835e1992608f352923ca4ead01bf0a.jpg,20250506_211037_mp4-0708_jpg.rf.d6835e1992608f352923ca4ead01bf0a.jpg,projects/label/dataset/custom/train/211037_mp4-0708_jpg.rf.d6835e1992608f352923ca4ead01bf0a.jpg,label,custom,1080,1920,jpeg,152274,dataset,train,Yes,No,No,3,No,2026-04-01 12:30:50,2026-04-01 12:55:15.516346
1faa5b43-9e90-4192-b424-d50b3df85fbf,211037_mp4-0709_jpg.rf.fe6d1a70a7284191ee4fc7c77c6639a9.jpg,20250506_211037_mp4-0709_jpg.rf.fe6d1a70a7284191ee4fc7c77c6639a9.jpg,projects/label/dataset/custom/train/211037_mp4-0709_jpg.rf.fe6d1a70a7284191ee4fc7c77c6639a9.jpg,label,custom,1080,1920,jpeg,139128,dataset,train,Yes,No,No,3,No,2026-04-01 12:30:50,2026-04-01 12:55:15.530371
8f410039-24f8-47de-b301-2c8f9228b20f,211037_mp4-0713_jpg.rf.b65749191823d42eb034c35bcfce42be.jpg,20250506_211037_mp4-0713_jpg.rf.b65749191823d42eb034c35bcfce42be.jpg,projects/label/dataset/custom/val/211037_mp4-0713_jpg.rf.b65749191823d42eb034c35bcfce42be.jpg,label,custom,1080,1920,jpeg,151633,dataset,val,Yes,No,No,3,No,2026-04-01 12:30:50,2026-04-01 12:55:15.544403
74522af8-dd47-47d8-86c4-7a39cc6ebe6c,211037_mp4-0714_jpg.rf.c1cc32884f99cf46b66d3df5ac580581.jpg,20250506_211037_mp4-0714_jpg.rf.c1cc32884f99cf46b66d3df5ac580581.jpg,projects/label/dataset/custom/train/211037_mp4-0714_jpg.rf.c1cc32884f99cf46b66d3df5ac580581.jpg,label,custom,1080,1920,jpeg,153038,dataset,train,Yes,No,No,3,No,2026-04-01 12:30:50,2026-04-01 12:55:15.559426
99c168a2-17ae-4e31-8bc3-9a6baf627419,211037_mp4-0723_jpg.rf.d7db23a583b2ef531d9f7f8e1d78b4d0.jpg,20250506_211037_mp4-0723_jpg.rf.d7db23a583b2ef531d9f7f8e1d78b4d0.jpg,projects/label/dataset/custom/train/211037_mp4-0723_jpg.rf.d7db23a583b2ef531d9f7f8e1d78b4d0.jpg,label,custom,1080,1920,jpeg,174800,dataset,train,Yes,No,No,4,No,2026-04-01 12:30:50,2026-04-01 12:55:15.589495
784a8864-5343-4e28-8dc8-3eaf5c805d18,211037_mp4-0724_jpg.rf.5c7d10f398b6c2c98da1ba318cbe21cc.jpg,20250506_211037_mp4-0724_jpg.rf.5c7d10f398b6c2c98da1ba318cbe21cc.jpg,projects/label/dataset/custom/train/211037_mp4-0724_jpg.rf.5c7d10f398b6c2c98da1ba318cbe21cc.jpg,label,custom,1080,1920,jpeg,180157,dataset,train,Yes,No,No,4,No,2026-04-01 12:30:50,2026-04-01 12:55:15.603512
54f19391-0af2-46a8-8a09-6879359959de,211037_mp4-0725_jpg.rf.e8b925244f0ca716904f214cb8b6131a.jpg,20250506_211037_mp4-0725_jpg.rf.e8b925244f0ca716904f214cb8b6131a.jpg,projects/label/dataset/custom/train/211037_mp4-0725_jpg.rf.e8b925244f0ca716904f214cb8b6131a.jpg,label,custom,1080,1920,jpeg,159888,dataset,train,Yes,No,No,4,No,2026-04-01 12:30:50,2026-04-01 12:55:15.618532
ee3608e8-367a-4fe4-ac3c-95912dd8f2b3,211037_mp4-0728_jpg.rf.cd00b92f219bd0f50759045ac7957cb3.jpg,20250506_211037_mp4-0728_jpg.rf.cd00b92f219bd0f50759045ac7957cb3.jpg,projects/label/dataset/custom/train/211037_mp4-0728_jpg.rf.cd00b92f219bd0f50759045ac7957cb3.jpg,label,custom,1080,1920,jpeg,159094,dataset,train,Yes,No,No,4,No,2026-04-01 12:30:50,2026-04-01 12:55:15.632557
4279f069-ab34-48ff-b4c8-cb47564a10cb,211037_mp4-0731_jpg.rf.fa85fb2fe9a7c1eadb2d8c2e9068b7a6.jpg,20250506_211037_mp4-0731_jpg.rf.fa85fb2fe9a7c1eadb2d8c2e9068b7a6.jpg,projects/label/dataset/custom/train/211037_mp4-0731_jpg.rf.fa85fb2fe9a7c1eadb2d8c2e9068b7a6.jpg,label,custom,1080,1920,jpeg,166706,dataset,train,Yes,No,No,4,No,2026-04-01 12:30:50,2026-04-01 12:55:15.649078
0199abd2-a874-4413-ada4-779700e97941,211037_mp4-0734_jpg.rf.8a388fe9db492e28011f156e2fd75c18.jpg,20250506_211037_mp4-0734_jpg.rf.8a388fe9db492e28011f156e2fd75c18.jpg,projects/label/dataset/custom/train/211037_mp4-0734_jpg.rf.8a388fe9db492e28011f156e2fd75c18.jpg,label,custom,1080,1920,jpeg,168696,dataset,train,Yes,No,No,3,No,2026-04-01 12:30:50,2026-04-01 12:55:15.665103
010bd622-9b1d-4d2b-9aa9-a87b12e00f67,211037_mp4-0735_jpg.rf.b95ec6c03af78d8f3edb50a167e0c873.jpg,20250506_211037_mp4-0735_jpg.rf.b95ec6c03af78d8f3edb50a167e0c873.jpg,projects/label/dataset/custom/val/211037_mp4-0735_jpg.rf.b95ec6c03af78d8f3edb50a167e0c873.jpg,label,custom,1080,1920,jpeg,165566,dataset,val,Yes,No,No,3,No,2026-04-01 12:30:50,2026-04-01 12:55:15.679164
9e5126da-65e0-4953-9e5f-8695c2f6ad5a,211037_mp4-0738_jpg.rf.4fbfeeeea15cd3c599f0eb42bcd3d21a.jpg,20250506_211037_mp4-0738_jpg.rf.4fbfeeeea15cd3c599f0eb42bcd3d21a.jpg,projects/label/dataset/custom/train/211037_mp4-0738_jpg.rf.4fbfeeeea15cd3c599f0eb42bcd3d21a.jpg,label,custom,1080,1920,jpeg,158020,dataset,train,Yes,No,No,3,No,2026-04-01 12:30:50,2026-04-01 12:55:15.693696
c1f07371-a0fb-4cda-9054-db6d6467e0a2,211037_mp4-0740_jpg.rf.0f10970a62fb3e0f4e17abce3df0d37e.jpg,20250506_211037_mp4-0740_jpg.rf.0f10970a62fb3e0f4e17abce3df0d37e.jpg,projects/label/dataset/custom/test/211037_mp4-0740_jpg.rf.0f10970a62fb3e0f4e17abce3df0d37e.jpg,label,custom,1080,1920,jpeg,171844,dataset,test,Yes,No,No,4,No,2026-04-01 12:30:50,2026-04-01 12:55:15.707209
717ae94b-06d0-48ca-bca7-ec424895915f,211037_mp4-0742_jpg.rf.2633bd7f4f4459aa319d7a5c3dec141e.jpg,20250506_211037_mp4-0742_jpg.rf.2633bd7f4f4459aa319d7a5c3dec141e.jpg,projects/label/dataset/custom/test/211037_mp4-0742_jpg.rf.2633bd7f4f4459aa319d7a5c3dec141e.jpg,label,custom,1080,1920,jpeg,132035,dataset,test,Yes,No,No,3,No,2026-04-01 12:30:50,2026-04-01 12:55:15.721730
ffbd8c72-ac60-4d0e-92b0-1f7b45a16467,211037_mp4-0745_jpg.rf.1dac1893ab28851137afbb4cbef1a404.jpg,20250506_211037_mp4-0745_jpg.rf.1dac1893ab28851137afbb4cbef1a404.jpg,projects/label/dataset/custom/train/211037_mp4-0745_jpg.rf.1dac1893ab28851137afbb4cbef1a404.jpg,label,custom,1080,1920,jpeg,145803,dataset,train,Yes,No,No,3,No,2026-04-01 12:30:50,2026-04-01 12:55:15.735787
708acc82-5f9f-433a-9045-084193b8b1c8,211037_mp4-0750_jpg.rf.7d1db06c2baf5f4c0b1b1e77c55d47eb.jpg,20250506_211037_mp4-0750_jpg.rf.7d1db06c2baf5f4c0b1b1e77c55d47eb.jpg,projects/label/dataset/custom/val/211037_mp4-0750_jpg.rf.7d1db06c2baf5f4c0b1b1e77c55d47eb.jpg,label,custom,1080,1920,jpeg,170338,dataset,val,Yes,No,No,4,No,2026-04-01 12:30:50,2026-04-01 12:55:15.750299
d6cf2e82-51b2-4f7a-86b0-63fe2abda89e,211037_mp4-0753_jpg.rf.034b0f9da75824a91587830de7bfacd6.jpg,20250506_211037_mp4-0753_jpg.rf.034b0f9da75824a91587830de7bfacd6.jpg,projects/label/dataset/custom/val/211037_mp4-0753_jpg.rf.034b0f9da75824a91587830de7bfacd6.jpg,label,custom,1080,1920,jpeg,146790,dataset,val,Yes,No,No,3,No,2026-04-01 12:30:50,2026-04-01 12:55:15.764324
e62e4f51-e36f-407d-9d9e-52d85e4063a6,211037_mp4-0754_jpg.rf.e80b2e27db284b88d8fb9d345590411e.jpg,20250506_211037_mp4-0754_jpg.rf.e80b2e27db284b88d8fb9d345590411e.jpg,projects/label/dataset/custom/train/211037_mp4-0754_jpg.rf.e80b2e27db284b88d8fb9d345590411e.jpg,label,custom,1080,1920,jpeg,155530,dataset,train,Yes,No,No,3,No,2026-04-01 12:30:50,2026-04-01 12:55:15.777352
1fb101d8-72f4-43ad-ac68-e8037eddc6de,211037_mp4-0758_jpg.rf.8dbd7a0369f7f0c802381963285465f8.jpg,20250506_211037_mp4-0758_jpg.rf.8dbd7a0369f7f0c802381963285465f8.jpg,projects/label/dataset/custom/train/211037_mp4-0758_jpg.rf.8dbd7a0369f7f0c802381963285465f8.jpg,label,custom,1080,1920,jpeg,148895,dataset,train,Yes,No,No,3,No,2026-04-01 12:30:50,2026-04-01 12:55:15.791866
7bfb5f67-263a-45d5-91c1-4a5b219b7058,211037_mp4-0763_jpg.rf.a27bb5fda064156ecc020c0d759a7079.jpg,20250506_211037_mp4-0763_jpg.rf.a27bb5fda064156ecc020c0d759a7079.jpg,projects/label/dataset/custom/val/211037_mp4-0763_jpg.rf.a27bb5fda064156ecc020c0d759a7079.jpg,label,custom,1080,1920,jpeg,161001,dataset,val,Yes,No,No,3,No,2026-04-01 12:30:50,2026-04-01 12:55:15.805898
ec7587bb-867c-432c-b3b0-9ae33029a853,211037_mp4-0764_jpg.rf.367ee5ae065435f5ad5a16928372f16c.jpg,20250506_211037_mp4-0764_jpg.rf.367ee5ae065435f5ad5a16928372f16c.jpg,projects/label/dataset/custom/train/211037_mp4-0764_jpg.rf.367ee5ae065435f5ad5a16928372f16c.jpg,label,custom,1080,1920,jpeg,162416,dataset,train,Yes,No,No,3,No,2026-04-01 12:30:50,2026-04-01 12:55:15.818911
756e7198-0891-4c4b-9b97-8a24260b4fc4,211037_mp4-0765_jpg.rf.c2111d1417f674392fe9cd08a92833bd.jpg,20250506_211037_mp4-0765_jpg.rf.c2111d1417f674392fe9cd08a92833bd.jpg,projects/label/dataset/custom/val/211037_mp4-0765_jpg.rf.c2111d1417f674392fe9cd08a92833bd.jpg,label,custom,1080,1920,jpeg,171851,dataset,val,Yes,No,No,3,No,2026-04-01 12:30:50,2026-04-01 12:55:15.833941
9af9593d-3d99-4811-95a2-98b8aa151b42,211037_mp4-0766_jpg.rf.7b798ddc9d9ef550b691bf64fb2dffbd.jpg,20250506_211037_mp4-0766_jpg.rf.7b798ddc9d9ef550b691bf64fb2dffbd.jpg,projects/label/dataset/custom/train/211037_mp4-0766_jpg.rf.7b798ddc9d9ef550b691bf64fb2dffbd.jpg,label,custom,1080,1920,jpeg,126937,dataset,train,Yes,No,No,3,No,2026-04-01 12:30:51,2026-04-01 12:55:15.848455
237ecbe9-612c-44f1-9ed0-346ea8025ce9,211037_mp4-0767_jpg.rf.a0699182824d80ce511a7f1cc044c72b.jpg,20250506_211037_mp4-0767_jpg.rf.a0699182824d80ce511a7f1cc044c72b.jpg,projects/label/dataset/custom/test/211037_mp4-0767_jpg.rf.a0699182824d80ce511a7f1cc044c72b.jpg,label,custom,1080,1920,jpeg,142791,dataset,test,Yes,No,No,3,No,2026-04-01 12:30:51,2026-04-01 12:55:15.863734
ce7ae869-0a6d-4894-889a-fc8dd5ea209f,211037_mp4-0768_jpg.rf.dcb4f421cfb0cebc5e45fec0797e743a.jpg,20250506_211037_mp4-0768_jpg.rf.dcb4f421cfb0cebc5e45fec0797e743a.jpg,projects/label/dataset/custom/train/211037_mp4-0768_jpg.rf.dcb4f421cfb0cebc5e45fec0797e743a.jpg,label,custom,1080,1920,jpeg,142230,dataset,train,Yes,No,No,3,No,2026-04-01 12:30:51,2026-04-01 12:55:15.876751
abd00ae4-9670-4214-9938-46a72be78230,211037_mp4-0770_jpg.rf.28e51dfbe74bb91670218f74edffb0d3.jpg,20250506_211037_mp4-0770_jpg.rf.28e51dfbe74bb91670218f74edffb0d3.jpg,projects/label/dataset/custom/test/211037_mp4-0770_jpg.rf.28e51dfbe74bb91670218f74edffb0d3.jpg,label,custom,1080,1920,jpeg,158146,dataset,test,Yes,No,No,3,No,2026-04-01 12:30:51,2026-04-01 12:55:15.890266
f6ae9940-d923-4041-babe-78994d3c9c89,211037_mp4-0773_jpg.rf.3a53e324a458237b39a1e7fb6e0b1f94.jpg,20250506_211037_mp4-0773_jpg.rf.3a53e324a458237b39a1e7fb6e0b1f94.jpg,projects/label/dataset/custom/train/211037_mp4-0773_jpg.rf.3a53e324a458237b39a1e7fb6e0b1f94.jpg,label,custom,1080,1920,jpeg,145063,dataset,train,Yes,No,No,2,No,2026-04-01 12:30:51,2026-04-01 12:55:15.905295
01e31e97-e02f-4d35-954f-59e3df7ee7de,211037_mp4-0779_jpg.rf.0719819918e136860945df308377d787.jpg,20250506_211037_mp4-0779_jpg.rf.0719819918e136860945df308377d787.jpg,projects/label/dataset/custom/train/211037_mp4-0779_jpg.rf.0719819918e136860945df308377d787.jpg,label,custom,1080,1920,jpeg,155254,dataset,train,Yes,No,No,3,No,2026-04-01 12:30:51,2026-04-01 12:55:15.919310
a08a477d-fcf1-43cf-a629-cf18d34f2357,211037_mp4-0783_jpg.rf.2606c0bae821e50608a93d89dbb07fed.jpg,20250506_211037_mp4-0783_jpg.rf.2606c0bae821e50608a93d89dbb07fed.jpg,projects/label/dataset/custom/train/211037_mp4-0783_jpg.rf.2606c0bae821e50608a93d89dbb07fed.jpg,label,custom,1080,1920,jpeg,166928,dataset,train,Yes,No,No,3,No,2026-04-01 12:30:51,2026-04-01 12:55:15.933845
4f702a93-a910-40d5-862e-ab215e0520a2,211037_mp4-0784_jpg.rf.150de1c02cc1dd768f27acd66b8ab04f.jpg,20250506_211037_mp4-0784_jpg.rf.150de1c02cc1dd768f27acd66b8ab04f.jpg,projects/label/dataset/custom/train/211037_mp4-0784_jpg.rf.150de1c02cc1dd768f27acd66b8ab04f.jpg,label,custom,1080,1920,jpeg,117127,dataset,train,Yes,No,No,2,No,2026-04-01 12:30:51,2026-04-01 12:55:15.947363
16219dd3-a381-417b-8e62-449208896889,211037_mp4-0788_jpg.rf.9f7dc8ebaea1a90d35c734903e30cd71.jpg,20250506_211037_mp4-0788_jpg.rf.9f7dc8ebaea1a90d35c734903e30cd71.jpg,projects/label/dataset/custom/test/211037_mp4-0788_jpg.rf.9f7dc8ebaea1a90d35c734903e30cd71.jpg,label,custom,1080,1920,jpeg,157652,dataset,test,Yes,No,No,3,No,2026-04-01 12:30:51,2026-04-01 12:55:15.961875
65d2399c-446a-4a3d-a0ec-b748cfb82dbc,211037_mp4-0790_jpg.rf.eab8d960e88bade2614cd5745b317efa.jpg,20250506_211037_mp4-0790_jpg.rf.eab8d960e88bade2614cd5745b317efa.jpg,projects/label/dataset/custom/train/211037_mp4-0790_jpg.rf.eab8d960e88bade2614cd5745b317efa.jpg,label,custom,1080,1920,jpeg,159214,dataset,train,Yes,No,No,3,No,2026-04-01 12:30:51,2026-04-01 12:55:15.976411
e10d5e68-407e-4951-b66a-5869a1e92f18,211037_mp4-0791_jpg.rf.fc5888cae0b367cb286494a244bc2eae.jpg,20250506_211037_mp4-0791_jpg.rf.fc5888cae0b367cb286494a244bc2eae.jpg,projects/label/dataset/custom/test/211037_mp4-0791_jpg.rf.fc5888cae0b367cb286494a244bc2eae.jpg,label,custom,1080,1920,jpeg,169138,dataset,test,Yes,No,No,3,No,2026-04-01 12:30:51,2026-04-01 12:55:15.991429
56c3f598-b470-449d-bc3d-036ac3391fcd,211037_mp4-0792_jpg.rf.31eb7d7f7dc45cc74e3dc32d3f6816d5.jpg,20250506_211037_mp4-0792_jpg.rf.31eb7d7f7dc45cc74e3dc32d3f6816d5.jpg,projects/label/dataset/custom/train/211037_mp4-0792_jpg.rf.31eb7d7f7dc45cc74e3dc32d3f6816d5.jpg,label,custom,1080,1920,jpeg,172438,dataset,train,Yes,No,No,3,No,2026-04-01 12:30:51,2026-04-01 12:55:16.004954
cdc2e292-e6fd-4938-80e0-4f936e6a8029,211037_mp4-0793_jpg.rf.7f4a3fb018f134d38a8d192f301ce2b6.jpg,20250506_211037_mp4-0793_jpg.rf.7f4a3fb018f134d38a8d192f301ce2b6.jpg,projects/label/dataset/custom/test/211037_mp4-0793_jpg.rf.7f4a3fb018f134d38a8d192f301ce2b6.jpg,label,custom,1080,1920,jpeg,166939,dataset,test,Yes,No,No,3,No,2026-04-01 12:30:51,2026-04-01 12:55:16.026988
c9842b3d-9636-4c9f-a1e7-3e75baf882ce,211037_mp4-0802_jpg.rf.ea7c0a897288620b7ca07e234bfd3b4f.jpg,20250506_211037_mp4-0802_jpg.rf.ea7c0a897288620b7ca07e234bfd3b4f.jpg,projects/label/dataset/custom/train/211037_mp4-0802_jpg.rf.ea7c0a897288620b7ca07e234bfd3b4f.jpg,label,custom,1080,1920,jpeg,176430,dataset,train,Yes,No,No,3,No,2026-04-01 12:30:51,2026-04-01 12:55:16.040502
fb940673-af13-49c7-88c2-cd996e91c7b7,211037_mp4-0803_jpg.rf.a9c4bb552e4c86b6361d63f0a172cf54.jpg,20250506_211037_mp4-0803_jpg.rf.a9c4bb552e4c86b6361d63f0a172cf54.jpg,projects/label/dataset/custom/val/211037_mp4-0803_jpg.rf.a9c4bb552e4c86b6361d63f0a172cf54.jpg,label,custom,1080,1920,jpeg,169244,dataset,val,Yes,No,No,3,No,2026-04-01 12:30:51,2026-04-01 12:55:16.054531
5aa96560-0b6f-43ce-a67a-a0f0ae724325,211037_mp4-0808_jpg.rf.79473129e0b29b24a0580d53d45fc1a5.jpg,20250506_211037_mp4-0808_jpg.rf.79473129e0b29b24a0580d53d45fc1a5.jpg,projects/label/dataset/custom/test/211037_mp4-0808_jpg.rf.79473129e0b29b24a0580d53d45fc1a5.jpg,label,custom,1080,1920,jpeg,161794,dataset,test,Yes,No,No,3,No,2026-04-01 12:30:51,2026-04-01 12:55:16.068041
ed88f936-d48d-42d8-94e6-39fcd63016c3,211037_mp4-0809_jpg.rf.268ca618daf55bd5f53f8caaa4a56b10.jpg,20250506_211037_mp4-0809_jpg.rf.268ca618daf55bd5f53f8caaa4a56b10.jpg,projects/label/dataset/custom/test/211037_mp4-0809_jpg.rf.268ca618daf55bd5f53f8caaa4a56b10.jpg,label,custom,1080,1920,jpeg,160010,dataset,test,Yes,No,No,3,No,2026-04-01 12:30:51,2026-04-01 12:55:16.082575
be054ce4-ee86-42a3-aa81-441b334eed62,211037_mp4-0815_jpg.rf.2302f1ccb994a70520921257ef92f37b.jpg,20250506_211037_mp4-0815_jpg.rf.2302f1ccb994a70520921257ef92f37b.jpg,projects/label/dataset/custom/val/211037_mp4-0815_jpg.rf.2302f1ccb994a70520921257ef92f37b.jpg,label,custom,1080,1920,jpeg,135321,dataset,val,Yes,No,No,3,No,2026-04-01 12:30:51,2026-04-01 12:55:16.098090
f26476eb-b516-45ec-91f0-f2e5624d67b0,211037_mp4-0824_jpg.rf.e4b3e76c170dc28720fbd0e39eef4733.jpg,20250506_211037_mp4-0824_jpg.rf.e4b3e76c170dc28720fbd0e39eef4733.jpg,projects/label/dataset/custom/val/211037_mp4-0824_jpg.rf.e4b3e76c170dc28720fbd0e39eef4733.jpg,label,custom,1080,1920,jpeg,151040,dataset,val,Yes,No,No,3,No,2026-04-01 12:30:51,2026-04-01 12:55:16.112109
4befdd5b-4ebe-4e86-978e-07277f69f19f,211037_mp4-0825_jpg.rf.1c1ba709a9a6c05beb329fb3386bc8ed.jpg,20250506_211037_mp4-0825_jpg.rf.1c1ba709a9a6c05beb329fb3386bc8ed.jpg,projects/label/dataset/custom/train/211037_mp4-0825_jpg.rf.1c1ba709a9a6c05beb329fb3386bc8ed.jpg,label,custom,1080,1920,jpeg,161217,dataset,train,Yes,No,No,3,No,2026-04-01 12:30:51,2026-04-01 12:55:16.126641
16fb0dbc-0dc5-47e8-a880-53327de74e57,211037_mp4-0829_jpg.rf.8aeddfe03c2c4bed0acc417b36ad7b2e.jpg,20250506_211037_mp4-0829_jpg.rf.8aeddfe03c2c4bed0acc417b36ad7b2e.jpg,projects/label/dataset/custom/train/211037_mp4-0829_jpg.rf.8aeddfe03c2c4bed0acc417b36ad7b2e.jpg,label,custom,1080,1920,jpeg,166345,dataset,train,Yes,No,No,3,No,2026-04-01 12:30:51,2026-04-01 12:55:16.140174
d65c9217-0bb4-4b18-91a4-20242cbd6dbe,211037_mp4-0833_jpg.rf.5d777119d0bded5653d92fbd2e43bbb6.jpg,20250506_211037_mp4-0833_jpg.rf.5d777119d0bded5653d92fbd2e43bbb6.jpg,projects/label/dataset/custom/test/211037_mp4-0833_jpg.rf.5d777119d0bded5653d92fbd2e43bbb6.jpg,label,custom,1080,1920,jpeg,168221,dataset,test,Yes,No,No,3,No,2026-04-01 12:30:51,2026-04-01 12:55:16.153196
cc9da59b-e6a7-49b7-b768-6f4491786f4f,211037_mp4-0835_jpg.rf.3a7fa43beaad5b819699895e03afe5ef.jpg,20250506_211037_mp4-0835_jpg.rf.3a7fa43beaad5b819699895e03afe5ef.jpg,projects/label/dataset/custom/train/211037_mp4-0835_jpg.rf.3a7fa43beaad5b819699895e03afe5ef.jpg,label,custom,1080,1920,jpeg,183477,dataset,train,Yes,No,No,3,No,2026-04-01 12:30:51,2026-04-01 12:55:16.167713
4544c418-0199-4efb-a681-381749391d4e,211037_mp4-0838_jpg.rf.0aa27eebdcc6e50a639f937127c3d8ea.jpg,20250506_211037_mp4-0838_jpg.rf.0aa27eebdcc6e50a639f937127c3d8ea.jpg,projects/label/dataset/custom/test/211037_mp4-0838_jpg.rf.0aa27eebdcc6e50a639f937127c3d8ea.jpg,label,custom,1080,1920,jpeg,149059,dataset,test,Yes,No,No,2,No,2026-04-01 12:30:51,2026-04-01 12:55:16.182238
80e82f44-ae3b-482c-85e1-c7128cdb67d7,211037_mp4-0841_jpg.rf.dbf92e156a19da06688897cc3936f31f.jpg,20250506_211037_mp4-0841_jpg.rf.dbf92e156a19da06688897cc3936f31f.jpg,projects/label/dataset/custom/train/211037_mp4-0841_jpg.rf.dbf92e156a19da06688897cc3936f31f.jpg,label,custom,1080,1920,jpeg,186130,dataset,train,Yes,No,No,3,No,2026-04-01 12:30:51,2026-04-01 12:55:16.195759
349bb76f-b380-4511-9a69-cfdebdcf8b0f,211037_mp4-0842_jpg.rf.32111292021f6e1dc8cd68a783b7c617.jpg,20250506_211037_mp4-0842_jpg.rf.32111292021f6e1dc8cd68a783b7c617.jpg,projects/label/dataset/custom/train/211037_mp4-0842_jpg.rf.32111292021f6e1dc8cd68a783b7c617.jpg,label,custom,1080,1920,jpeg,188961,dataset,train,Yes,No,No,3,No,2026-04-01 12:30:51,2026-04-01 12:55:16.210271
4efced9d-249e-44fd-a45e-9e76cc64fc00,211037_mp4-0843_jpg.rf.26207be0e51e8e78928dd47427c02edc.jpg,20250506_211037_mp4-0843_jpg.rf.26207be0e51e8e78928dd47427c02edc.jpg,projects/label/dataset/custom/train/211037_mp4-0843_jpg.rf.26207be0e51e8e78928dd47427c02edc.jpg,label,custom,1080,1920,jpeg,194684,dataset,train,Yes,No,No,3,No,2026-04-01 12:30:51,2026-04-01 12:55:16.225308
2a7b9b73-c5df-41ce-ab6c-de27d5cf46c7,211037_mp4-0848_jpg.rf.1736cc08f5934708f642cfe30c403ad6.jpg,20250506_211037_mp4-0848_jpg.rf.1736cc08f5934708f642cfe30c403ad6.jpg,projects/label/dataset/custom/train/211037_mp4-0848_jpg.rf.1736cc08f5934708f642cfe30c403ad6.jpg,label,custom,1080,1920,jpeg,169581,dataset,train,Yes,No,No,2,No,2026-04-01 12:30:51,2026-04-01 12:55:16.238821
70864f9f-c7b8-466a-b311-1133daa326c7,211037_mp4-0870_jpg.rf.c403bf6e2f9ce1a0fc0547c7d27713e9.jpg,20250506_211037_mp4-0870_jpg.rf.c403bf6e2f9ce1a0fc0547c7d27713e9.jpg,projects/label/dataset/custom/val/211037_mp4-0870_jpg.rf.c403bf6e2f9ce1a0fc0547c7d27713e9.jpg,label,custom,1080,1920,jpeg,185393,dataset,val,Yes,No,No,2,No,2026-04-01 12:30:51,2026-04-01 12:55:16.252842
54aaed5a-ba1d-4383-9add-767de540d783,211037_mp4-0873_jpg.rf.0e431ad9d1a602a388c35b7c02772d26.jpg,20250506_211037_mp4-0873_jpg.rf.0e431ad9d1a602a388c35b7c02772d26.jpg,projects/label/dataset/custom/val/211037_mp4-0873_jpg.rf.0e431ad9d1a602a388c35b7c02772d26.jpg,label,custom,1080,1920,jpeg,153120,dataset,val,Yes,No,No,1,No,2026-04-01 12:30:51,2026-04-01 12:55:16.267362
31c204a6-5662-4af8-afa3-89c015110c46,211037_mp4-0876_jpg.rf.0c9d857455c2aca48cf77b5890925ea1.jpg,20250506_211037_mp4-0876_jpg.rf.0c9d857455c2aca48cf77b5890925ea1.jpg,projects/label/dataset/custom/train/211037_mp4-0876_jpg.rf.0c9d857455c2aca48cf77b5890925ea1.jpg,label,custom,1080,1920,jpeg,119922,dataset,train,Yes,No,No,1,No,2026-04-01 12:30:51,2026-04-01 12:55:16.280386
a64ecff9-7f08-4e2d-b8cd-036202dec138,211037_mp4-0880_jpg.rf.a75a50db41fe10a28f4cda9f1fc69576.jpg,20250506_211037_mp4-0880_jpg.rf.a75a50db41fe10a28f4cda9f1fc69576.jpg,projects/label/dataset/custom/train/211037_mp4-0880_jpg.rf.a75a50db41fe10a28f4cda9f1fc69576.jpg,label,custom,1080,1920,jpeg,140821,dataset,train,Yes,No,No,2,No,2026-04-01 12:30:51,2026-04-01 12:55:16.295417
50f06ad7-fc4d-4b86-98d1-f90d404b78ae,211037_mp4-0884_jpg.rf.82a2f0a6e2e66a130af68e6cef3edd7b.jpg,20250506_211037_mp4-0884_jpg.rf.82a2f0a6e2e66a130af68e6cef3edd7b.jpg,projects/label/dataset/custom/train/211037_mp4-0884_jpg.rf.82a2f0a6e2e66a130af68e6cef3edd7b.jpg,label,custom,1080,1920,jpeg,126482,dataset,train,Yes,No,No,2,No,2026-04-01 12:30:51,2026-04-01 12:55:16.311436
e3b7c8d1-bb6b-42bb-8b61-24c8a8270f76,211037_mp4-0886_jpg.rf.fe32012d344e6303c29906da74193ccb.jpg,20250506_211037_mp4-0886_jpg.rf.fe32012d344e6303c29906da74193ccb.jpg,projects/label/dataset/custom/train/211037_mp4-0886_jpg.rf.fe32012d344e6303c29906da74193ccb.jpg,label,custom,1080,1920,jpeg,148456,dataset,train,Yes,No,No,2,No,2026-04-01 12:30:51,2026-04-01 12:55:16.325551
c937540a-431a-40f1-9ee3-668963fa3b8f,211037_mp4-0891_jpg.rf.632fc4d8951071032240123cb5a7f9e6.jpg,20250506_211037_mp4-0891_jpg.rf.632fc4d8951071032240123cb5a7f9e6.jpg,projects/label/dataset/custom/train/211037_mp4-0891_jpg.rf.632fc4d8951071032240123cb5a7f9e6.jpg,label,custom,1080,1920,jpeg,150099,dataset,train,Yes,No,No,2,No,2026-04-01 12:30:51,2026-04-01 12:55:16.340062
37ed0be3-6966-4609-b406-678ad16b0014,211037_mp4-0894_jpg.rf.e332c1c2b183e09d72d3733a35920d0a.jpg,20250506_211037_mp4-0894_jpg.rf.e332c1c2b183e09d72d3733a35920d0a.jpg,projects/label/dataset/custom/val/211037_mp4-0894_jpg.rf.e332c1c2b183e09d72d3733a35920d0a.jpg,label,custom,1080,1920,jpeg,145030,dataset,val,Yes,No,No,2,No,2026-04-01 12:30:51,2026-04-01 12:55:16.355089
fb333cd0-6c77-4d9c-aade-7b5215cb6bca,211037_mp4-0895_jpg.rf.9bc902d971aa825517fc702f6cf42456.jpg,20250506_211037_mp4-0895_jpg.rf.9bc902d971aa825517fc702f6cf42456.jpg,projects/label/dataset/custom/train/211037_mp4-0895_jpg.rf.9bc902d971aa825517fc702f6cf42456.jpg,label,custom,1080,1920,jpeg,153227,dataset,train,Yes,No,No,2,No,2026-04-01 12:30:51,2026-04-01 12:55:16.369599
60098cb9-d4c9-4ab1-acfe-2bc95b34c5e4,211037_mp4-0896_jpg.rf.6e0bdece15aba64793190e325fb9c6cb.jpg,20250506_211037_mp4-0896_jpg.rf.6e0bdece15aba64793190e325fb9c6cb.jpg,projects/label/dataset/custom/train/211037_mp4-0896_jpg.rf.6e0bdece15aba64793190e325fb9c6cb.jpg,label,custom,1080,1920,jpeg,131794,dataset,train,Yes,No,No,3,No,2026-04-01 12:30:51,2026-04-01 12:55:16.384136
7f407f56-7b93-444b-bc2a-13f785a63a1f,211037_mp4-0897_jpg.rf.66e86aa61720315c25da884782680527.jpg,20250506_211037_mp4-0897_jpg.rf.66e86aa61720315c25da884782680527.jpg,projects/label/dataset/custom/test/211037_mp4-0897_jpg.rf.66e86aa61720315c25da884782680527.jpg,label,custom,1080,1920,jpeg,147000,dataset,test,Yes,No,No,3,No,2026-04-01 12:30:51,2026-04-01 12:55:16.397652
5d92da86-c0ff-46bd-bb86-60a583d2358a,211037_mp4-0907_jpg.rf.2025cb110c0b611fe2ff522f794bc58d.jpg,20250506_211037_mp4-0907_jpg.rf.2025cb110c0b611fe2ff522f794bc58d.jpg,projects/label/dataset/custom/train/211037_mp4-0907_jpg.rf.2025cb110c0b611fe2ff522f794bc58d.jpg,label,custom,1080,1920,jpeg,136996,dataset,train,Yes,No,No,2,No,2026-04-01 12:30:51,2026-04-01 12:55:16.411669
b4a6194b-307a-4268-87dc-d78c665aa550,211037_mp4-0909_jpg.rf.43f92779f18dbcefac19862a16766b3b.jpg,20250506_211037_mp4-0909_jpg.rf.43f92779f18dbcefac19862a16766b3b.jpg,projects/label/dataset/custom/train/211037_mp4-0909_jpg.rf.43f92779f18dbcefac19862a16766b3b.jpg,label,custom,1080,1920,jpeg,123086,dataset,train,Yes,No,No,1,No,2026-04-01 12:30:51,2026-04-01 12:55:16.426206
89d856da-bb44-47d1-aade-c13c7d0d9084,211037_mp4-0915_jpg.rf.ae088f48cdf25139190e3c1eebdfc8e0.jpg,20250506_211037_mp4-0915_jpg.rf.ae088f48cdf25139190e3c1eebdfc8e0.jpg,projects/label/dataset/custom/val/211037_mp4-0915_jpg.rf.ae088f48cdf25139190e3c1eebdfc8e0.jpg,label,custom,1080,1920,jpeg,133560,dataset,val,Yes,No,No,2,No,2026-04-01 12:30:51,2026-04-01 12:55:16.439720
7fbd90e6-7369-4f3e-a9f0-da6be9295e2a,211037_mp4-0916_jpg.rf.5277669eb472b31f724bb7ed60c9bf59.jpg,20250506_211037_mp4-0916_jpg.rf.5277669eb472b31f724bb7ed60c9bf59.jpg,projects/label/dataset/custom/train/211037_mp4-0916_jpg.rf.5277669eb472b31f724bb7ed60c9bf59.jpg,label,custom,1080,1920,jpeg,148463,dataset,train,Yes,No,No,2,No,2026-04-01 12:30:51,2026-04-01 12:55:16.453751
97307c3b-a63b-4efc-ab2d-6242fb916160,211037_mp4-0918_jpg.rf.b27b9a86612e418fdbf3586bf8c1512b.jpg,20250506_211037_mp4-0918_jpg.rf.b27b9a86612e418fdbf3586bf8c1512b.jpg,projects/label/dataset/custom/train/211037_mp4-0918_jpg.rf.b27b9a86612e418fdbf3586bf8c1512b.jpg,label,custom,1080,1920,jpeg,149324,dataset,train,Yes,No,No,2,No,2026-04-01 12:30:51,2026-04-01 12:55:16.467257
55f2c0b5-ef3e-456d-8054-8f8e311b5b14,211037_mp4-0919_jpg.rf.3859d8aa596b02b6109719ef274217f8.jpg,20250506_211037_mp4-0919_jpg.rf.3859d8aa596b02b6109719ef274217f8.jpg,projects/label/dataset/custom/train/211037_mp4-0919_jpg.rf.3859d8aa596b02b6109719ef274217f8.jpg,label,custom,1080,1920,jpeg,149173,dataset,train,Yes,No,No,2,No,2026-04-01 12:30:51,2026-04-01 12:55:16.481786
c8e0f235-c889-45e5-b32c-410c8eb3e56a,211037_mp4-0920_jpg.rf.fecc8e2e71e22029d1280326447c6d3f.jpg,20250506_211037_mp4-0920_jpg.rf.fecc8e2e71e22029d1280326447c6d3f.jpg,projects/label/dataset/custom/test/211037_mp4-0920_jpg.rf.fecc8e2e71e22029d1280326447c6d3f.jpg,label,custom,1080,1920,jpeg,158554,dataset,test,Yes,No,No,3,No,2026-04-01 12:30:51,2026-04-01 12:55:16.495307
1f6b8306-ad62-4c11-84f4-41c124ab571a,211037_mp4-0921_jpg.rf.ad7bbb2a73c284c2afee16b423afb5dd.jpg,20250506_211037_mp4-0921_jpg.rf.ad7bbb2a73c284c2afee16b423afb5dd.jpg,projects/label/dataset/custom/train/211037_mp4-0921_jpg.rf.ad7bbb2a73c284c2afee16b423afb5dd.jpg,label,custom,1080,1920,jpeg,165874,dataset,train,Yes,No,No,3,No,2026-04-01 12:30:51,2026-04-01 12:55:16.509819
0234ef75-ce80-45b0-9ae2-707a7fd73909,211037_mp4-0922_jpg.rf.324bfe1068c5ab1d743e39d8373be8bf.jpg,20250506_211037_mp4-0922_jpg.rf.324bfe1068c5ab1d743e39d8373be8bf.jpg,projects/label/dataset/custom/val/211037_mp4-0922_jpg.rf.324bfe1068c5ab1d743e39d8373be8bf.jpg,label,custom,1080,1920,jpeg,172138,dataset,val,Yes,No,No,3,No,2026-04-01 12:30:51,2026-04-01 12:55:16.523350
a15574e8-4bd4-4ad3-9229-8ec2965547b4,211037_mp4-0925_jpg.rf.e264690f8dcdeea2e5245c478836bf92.jpg,20250506_211037_mp4-0925_jpg.rf.e264690f8dcdeea2e5245c478836bf92.jpg,projects/label/dataset/custom/test/211037_mp4-0925_jpg.rf.e264690f8dcdeea2e5245c478836bf92.jpg,label,custom,1080,1920,jpeg,187919,dataset,test,Yes,No,No,3,No,2026-04-01 12:30:51,2026-04-01 12:55:16.536373
8b976aa1-6f0c-4ffa-942e-0892622204b6,211037_mp4-0930_jpg.rf.0db4b37e0068c19a6f72bb778c257b59.jpg,20250506_211037_mp4-0930_jpg.rf.0db4b37e0068c19a6f72bb778c257b59.jpg,projects/label/dataset/custom/val/211037_mp4-0930_jpg.rf.0db4b37e0068c19a6f72bb778c257b59.jpg,label,custom,1080,1920,jpeg,164858,dataset,val,Yes,No,No,3,No,2026-04-01 12:30:51,2026-04-01 12:55:16.550888
94bc8306-5149-42f9-b0f6-2a1f0a6917d0,211037_mp4-0934_jpg.rf.41711ea4ac2bc27f66bfbd4db2f8577f.jpg,20250506_211037_mp4-0934_jpg.rf.41711ea4ac2bc27f66bfbd4db2f8577f.jpg,projects/label/dataset/custom/train/211037_mp4-0934_jpg.rf.41711ea4ac2bc27f66bfbd4db2f8577f.jpg,label,custom,1080,1920,jpeg,183584,dataset,train,Yes,No,No,3,No,2026-04-01 12:30:51,2026-04-01 12:55:16.565427
5da0b043-1f90-40fb-9aa5-c3bf815e7078,211037_mp4-0949_jpg.rf.41d9c2d3e92b838cc11174d9c000332b.jpg,20250506_211037_mp4-0949_jpg.rf.41d9c2d3e92b838cc11174d9c000332b.jpg,projects/label/dataset/custom/train/211037_mp4-0949_jpg.rf.41d9c2d3e92b838cc11174d9c000332b.jpg,label,custom,1080,1920,jpeg,169745,dataset,train,Yes,No,No,3,No,2026-04-01 12:30:51,2026-04-01 12:55:16.579449
8a8aba9c-d52c-4f53-a137-21d2fa3d27b6,211037_mp4-0950_jpg.rf.189fa4e3682a79c8e24b157774fd98df.jpg,20250506_211037_mp4-0950_jpg.rf.189fa4e3682a79c8e24b157774fd98df.jpg,projects/label/dataset/custom/train/211037_mp4-0950_jpg.rf.189fa4e3682a79c8e24b157774fd98df.jpg,label,custom,1080,1920,jpeg,168109,dataset,train,Yes,No,No,3,No,2026-04-01 12:30:51,2026-04-01 12:55:16.594476
45464209-0751-43eb-94d7-c58d88e66625,211037_mp4-0951_jpg.rf.da92868070c35f74e355707d379412a4.jpg,20250506_211037_mp4-0951_jpg.rf.da92868070c35f74e355707d379412a4.jpg,projects/label/dataset/custom/train/211037_mp4-0951_jpg.rf.da92868070c35f74e355707d379412a4.jpg,label,custom,1080,1920,jpeg,155324,dataset,train,Yes,No,No,3,No,2026-04-01 12:30:51,2026-04-01 12:55:16.607990
3c4f7525-7806-4177-a2a2-e87f582d2329,211037_mp4-0954_jpg.rf.25797346e849ca77f46c2a4db9c1d5c4.jpg,20250506_211037_mp4-0954_jpg.rf.25797346e849ca77f46c2a4db9c1d5c4.jpg,projects/label/dataset/custom/test/211037_mp4-0954_jpg.rf.25797346e849ca77f46c2a4db9c1d5c4.jpg,label,custom,1080,1920,jpeg,163408,dataset,test,Yes,No,No,3,No,2026-04-01 12:30:51,2026-04-01 12:55:16.621514
5dcc42a9-f916-4b4b-ba50-49016b5d91d4,211037_mp4-0957_jpg.rf.cf837d9c16f51b0feabd7d75627f1b86.jpg,20250506_211037_mp4-0957_jpg.rf.cf837d9c16f51b0feabd7d75627f1b86.jpg,projects/label/dataset/custom/test/211037_mp4-0957_jpg.rf.cf837d9c16f51b0feabd7d75627f1b86.jpg,label,custom,1080,1920,jpeg,175208,dataset,test,Yes,No,No,3,No,2026-04-01 12:30:51,2026-04-01 12:55:16.635541
8d33016f-5637-469d-a5e7-4c11b0d7cc22,211037_mp4-0958_jpg.rf.a4f098bc209831b552a0a51b64f352b2.jpg,20250506_211037_mp4-0958_jpg.rf.a4f098bc209831b552a0a51b64f352b2.jpg,projects/label/dataset/custom/train/211037_mp4-0958_jpg.rf.a4f098bc209831b552a0a51b64f352b2.jpg,label,custom,1080,1920,jpeg,177023,dataset,train,Yes,No,No,3,No,2026-04-01 12:30:51,2026-04-01 12:55:16.652572
a7272fae-a2ae-4fac-81cd-44448d0b4d80,211037_mp4-0962_jpg.rf.0c645892ae3ca0665cb7f48541024770.jpg,20250506_211037_mp4-0962_jpg.rf.0c645892ae3ca0665cb7f48541024770.jpg,projects/label/dataset/custom/train/211037_mp4-0962_jpg.rf.0c645892ae3ca0665cb7f48541024770.jpg,label,custom,1080,1920,jpeg,167343,dataset,train,Yes,No,No,3,No,2026-04-01 12:30:51,2026-04-01 12:55:16.671660
be098791-e4d9-4260-92ad-1b171fdcc478,211037_mp4-0963_jpg.rf.4eeef73fee3964e6d050c983c5ab122d.jpg,20250506_211037_mp4-0963_jpg.rf.4eeef73fee3964e6d050c983c5ab122d.jpg,projects/label/dataset/custom/train/211037_mp4-0963_jpg.rf.4eeef73fee3964e6d050c983c5ab122d.jpg,label,custom,1080,1920,jpeg,181053,dataset,train,Yes,No,No,3,No,2026-04-01 12:30:52,2026-04-01 12:55:16.690213
f4ec71f4-c960-411b-aca7-73413ff418f1,211037_mp4-0964_jpg.rf.7752fc64d9269f96dde089151f3ce2cd.jpg,20250506_211037_mp4-0964_jpg.rf.7752fc64d9269f96dde089151f3ce2cd.jpg,projects/label/dataset/custom/train/211037_mp4-0964_jpg.rf.7752fc64d9269f96dde089151f3ce2cd.jpg,label,custom,1080,1920,jpeg,182511,dataset,train,Yes,No,No,3,No,2026-04-01 12:30:52,2026-04-01 12:55:16.710249
892729a8-5451-4913-a532-d25c430c7f8a,211037_mp4-0967_jpg.rf.f4789c1dcbf72700fe94c57caf302fad.jpg,20250506_211037_mp4-0967_jpg.rf.f4789c1dcbf72700fe94c57caf302fad.jpg,projects/label/dataset/custom/test/211037_mp4-0967_jpg.rf.f4789c1dcbf72700fe94c57caf302fad.jpg,label,custom,1080,1920,jpeg,178151,dataset,test,Yes,No,No,3,No,2026-04-01 12:30:52,2026-04-01 12:55:16.730303
6f0c5139-f8f5-4ba6-88bc-39cb81618f91,211037_mp4-0968_jpg.rf.fea656a1b08c3bc96f5b301ac9468bb8.jpg,20250506_211037_mp4-0968_jpg.rf.fea656a1b08c3bc96f5b301ac9468bb8.jpg,projects/label/dataset/custom/train/211037_mp4-0968_jpg.rf.fea656a1b08c3bc96f5b301ac9468bb8.jpg,label,custom,1080,1920,jpeg,179066,dataset,train,Yes,No,No,3,No,2026-04-01 12:30:52,2026-04-01 12:55:16.747329
5adb0bba-c3e1-457a-b93d-db96f3bfe377,211037_mp4-0969_jpg.rf.ea084c8fe302f9b1605049f625a2ef65.jpg,20250506_211037_mp4-0969_jpg.rf.ea084c8fe302f9b1605049f625a2ef65.jpg,projects/label/dataset/custom/train/211037_mp4-0969_jpg.rf.ea084c8fe302f9b1605049f625a2ef65.jpg,label,custom,1080,1920,jpeg,169085,dataset,train,Yes,No,No,3,No,2026-04-01 12:30:52,2026-04-01 12:55:16.766356
4c6c89d8-2d1f-4242-802b-8d65d04090c4,211037_mp4-0975_jpg.rf.333977b412a7b12de47e1736691327fa.jpg,20250506_211037_mp4-0975_jpg.rf.333977b412a7b12de47e1736691327fa.jpg,projects/label/dataset/custom/train/211037_mp4-0975_jpg.rf.333977b412a7b12de47e1736691327fa.jpg,label,custom,1080,1920,jpeg,153309,dataset,train,Yes,No,No,2,No,2026-04-01 12:30:52,2026-04-01 12:55:16.784890
f5125c6b-ad30-48d8-ad26-b3f6b485d943,211037_mp4-0977_jpg.rf.0c2fa423269239a2f18735515e250ca4.jpg,20250506_211037_mp4-0977_jpg.rf.0c2fa423269239a2f18735515e250ca4.jpg,projects/label/dataset/custom/train/211037_mp4-0977_jpg.rf.0c2fa423269239a2f18735515e250ca4.jpg,label,custom,1080,1920,jpeg,152245,dataset,train,Yes,No,No,3,No,2026-04-01 12:30:52,2026-04-01 12:55:16.804927
b7a32f6c-bd69-4b89-8952-1cc4c3ae3671,211037_mp4-0980_jpg.rf.b4d0ba8c2b9f0a72c931ae36308fcfbd.jpg,20250506_211037_mp4-0980_jpg.rf.b4d0ba8c2b9f0a72c931ae36308fcfbd.jpg,projects/label/dataset/custom/train/211037_mp4-0980_jpg.rf.b4d0ba8c2b9f0a72c931ae36308fcfbd.jpg,label,custom,1080,1920,jpeg,152229,dataset,train,Yes,No,No,2,No,2026-04-01 12:30:52,2026-04-01 12:55:16.820944
51fabb83-8b2c-4c9e-bb1b-6bcf8a2ace33,211037_mp4-0981_jpg.rf.4106796586db06e2d5ed41dd242c5860.jpg,20250506_211037_mp4-0981_jpg.rf.4106796586db06e2d5ed41dd242c5860.jpg,projects/label/dataset/custom/test/211037_mp4-0981_jpg.rf.4106796586db06e2d5ed41dd242c5860.jpg,label,custom,1080,1920,jpeg,154220,dataset,test,Yes,No,No,2,No,2026-04-01 12:30:52,2026-04-01 12:55:16.840479
7496ebeb-986f-4a9c-9592-50dd29b39d94,211037_mp4-0982_jpg.rf.d90a88b8432ba6bf2b4cbdbc63936de7.jpg,20250506_211037_mp4-0982_jpg.rf.d90a88b8432ba6bf2b4cbdbc63936de7.jpg,projects/label/dataset/custom/test/211037_mp4-0982_jpg.rf.d90a88b8432ba6bf2b4cbdbc63936de7.jpg,label,custom,1080,1920,jpeg,136286,dataset,test,Yes,No,No,2,No,2026-04-01 12:30:52,2026-04-01 12:55:16.859504
3c673f9c-8388-4486-85bd-0e49faf62497,211037_mp4-0983_jpg.rf.e654ff278f1f78bc32733ffb6f18fcdd.jpg,20250506_211037_mp4-0983_jpg.rf.e654ff278f1f78bc32733ffb6f18fcdd.jpg,projects/label/dataset/custom/train/211037_mp4-0983_jpg.rf.e654ff278f1f78bc32733ffb6f18fcdd.jpg,label,custom,1080,1920,jpeg,149981,dataset,train,Yes,No,No,2,No,2026-04-01 12:30:52,2026-04-01 12:55:16.878043
9a3e580e-8e98-42d0-a704-214d7c1f07b3,211037_mp4-0985_jpg.rf.4cda419e160f073f4a0df004eb597c52.jpg,20250506_211037_mp4-0985_jpg.rf.4cda419e160f073f4a0df004eb597c52.jpg,projects/label/dataset/custom/train/211037_mp4-0985_jpg.rf.4cda419e160f073f4a0df004eb597c52.jpg,label,custom,1080,1920,jpeg,145776,dataset,train,Yes,No,No,3,No,2026-04-01 12:30:52,2026-04-01 12:55:16.896071
afcc1b6a-526e-4b78-9676-b2643916ab87,211037_mp4-0988_jpg.rf.306d37e1d8d94d19769ea6d00fd086fe.jpg,20250506_211037_mp4-0988_jpg.rf.306d37e1d8d94d19769ea6d00fd086fe.jpg,projects/label/dataset/custom/test/211037_mp4-0988_jpg.rf.306d37e1d8d94d19769ea6d00fd086fe.jpg,label,custom,1080,1920,jpeg,138625,dataset,test,Yes,No,No,2,No,2026-04-01 12:30:52,2026-04-01 12:55:16.916116
18010ecd-ca91-4cc6-b93b-179bc3eef132,211037_mp4-0990_jpg.rf.b4bb7380bff2556e82c3c3a9ddbe2e17.jpg,20250506_211037_mp4-0990_jpg.rf.b4bb7380bff2556e82c3c3a9ddbe2e17.jpg,projects/label/dataset/custom/train/211037_mp4-0990_jpg.rf.b4bb7380bff2556e82c3c3a9ddbe2e17.jpg,label,custom,1080,1920,jpeg,148682,dataset,train,Yes,No,No,2,No,2026-04-01 12:30:52,2026-04-01 12:55:16.936166
94456b27-8d09-4238-9129-0d59f60a4961,211037_mp4-0993_jpg.rf.15e7be8cfa21e7c60c10ed6691357f90.jpg,20250506_211037_mp4-0993_jpg.rf.15e7be8cfa21e7c60c10ed6691357f90.jpg,projects/label/dataset/custom/train/211037_mp4-0993_jpg.rf.15e7be8cfa21e7c60c10ed6691357f90.jpg,label,custom,1080,1920,jpeg,128945,dataset,train,Yes,No,No,3,No,2026-04-01 12:30:52,2026-04-01 12:55:16.954201
f67a58ba-bdf1-4501-aa63-7b758f323d28,211037_mp4-0996_jpg.rf.8c4adf963292492a291029625644fed5.jpg,20250506_211037_mp4-0996_jpg.rf.8c4adf963292492a291029625644fed5.jpg,projects/label/dataset/custom/test/211037_mp4-0996_jpg.rf.8c4adf963292492a291029625644fed5.jpg,label,custom,1080,1920,jpeg,134581,dataset,test,Yes,No,No,2,No,2026-04-01 12:30:52,2026-04-01 12:55:16.974237
e9f9bf46-6172-4b49-985e-7fa981695776,211037_mp4-0997_jpg.rf.4442c6fc295e77b8db0efef06a9dac4b.jpg,20250506_211037_mp4-0997_jpg.rf.4442c6fc295e77b8db0efef06a9dac4b.jpg,projects/label/dataset/custom/train/211037_mp4-0997_jpg.rf.4442c6fc295e77b8db0efef06a9dac4b.jpg,label,custom,1080,1920,jpeg,146352,dataset,train,Yes,No,No,2,No,2026-04-01 12:30:52,2026-04-01 12:55:16.992779
32285979-16e7-47cf-94ee-0a6c9cb147e5,211037_mp4-0998_jpg.rf.04527d9c900375e645296975eb2aaf73.jpg,20250506_211037_mp4-0998_jpg.rf.04527d9c900375e645296975eb2aaf73.jpg,projects/label/dataset/custom/train/211037_mp4-0998_jpg.rf.04527d9c900375e645296975eb2aaf73.jpg,label,custom,1080,1920,jpeg,145228,dataset,train,Yes,No,No,2,No,2026-04-01 12:30:52,2026-04-01 12:55:17.010304
3e1adf08-a9ee-4420-8021-1210a4c3b712,211037_mp4-0999_jpg.rf.a56df7e7a137adb55691a427529347b9.jpg,20250506_211037_mp4-0999_jpg.rf.a56df7e7a137adb55691a427529347b9.jpg,projects/label/dataset/custom/val/211037_mp4-0999_jpg.rf.a56df7e7a137adb55691a427529347b9.jpg,label,custom,1080,1920,jpeg,155799,dataset,val,Yes,No,No,3,No,2026-04-01 12:30:52,2026-04-01 12:55:17.027351
62990109-5228-409a-89d7-753b22d60ccd,211037_mp4-1006_jpg.rf.56cb81187393d28085206b83dcd6b6d4.jpg,20250506_211037_mp4-1006_jpg.rf.56cb81187393d28085206b83dcd6b6d4.jpg,projects/label/dataset/custom/train/211037_mp4-1006_jpg.rf.56cb81187393d28085206b83dcd6b6d4.jpg,label,custom,1080,1920,jpeg,155225,dataset,train,Yes,No,No,3,No,2026-04-01 12:30:52,2026-04-01 12:55:17.042371
c1b076dc-70ae-40c3-95e1-d23b6807ef57,211037_mp4-1007_jpg.rf.aee1b136a6e00295989fe7e568fb1b28.jpg,20250506_211037_mp4-1007_jpg.rf.aee1b136a6e00295989fe7e568fb1b28.jpg,projects/label/dataset/custom/train/211037_mp4-1007_jpg.rf.aee1b136a6e00295989fe7e568fb1b28.jpg,label,custom,1080,1920,jpeg,156339,dataset,train,Yes,No,No,3,No,2026-04-01 12:30:52,2026-04-01 12:55:17.056902
9510f7aa-59cf-4ffa-9adb-634e79788151,211037_mp4-1009_jpg.rf.ebf28053768caf50715fa809a9c8790c.jpg,20250506_211037_mp4-1009_jpg.rf.ebf28053768caf50715fa809a9c8790c.jpg,projects/label/dataset/custom/val/211037_mp4-1009_jpg.rf.ebf28053768caf50715fa809a9c8790c.jpg,label,custom,1080,1920,jpeg,166942,dataset,val,Yes,No,No,3,No,2026-04-01 12:30:52,2026-04-01 12:55:17.070411
3306dd29-1dc1-4ba4-a2d1-c6fdcd81fe6e,211037_mp4-1010_jpg.rf.8632b5479265ee236e16b19667c91513.jpg,20250506_211037_mp4-1010_jpg.rf.8632b5479265ee236e16b19667c91513.jpg,projects/label/dataset/custom/train/211037_mp4-1010_jpg.rf.8632b5479265ee236e16b19667c91513.jpg,label,custom,1080,1920,jpeg,159287,dataset,train,Yes,No,No,3,No,2026-04-01 12:30:52,2026-04-01 12:55:17.084948
ca39ee69-7553-4cfb-a48f-86943063272e,211037_mp4-1018_jpg.rf.bf776183a29637d3fb561ddab5593fba.jpg,20250506_211037_mp4-1018_jpg.rf.bf776183a29637d3fb561ddab5593fba.jpg,projects/label/dataset/custom/train/211037_mp4-1018_jpg.rf.bf776183a29637d3fb561ddab5593fba.jpg,label,custom,1080,1920,jpeg,182489,dataset,train,Yes,No,No,4,No,2026-04-01 12:30:52,2026-04-01 12:55:17.099466
7386cb71-792e-4484-91a9-c7cfd67feb69,211037_mp4-1021_jpg.rf.df88c50a449bdf2b9e8dc5866aeb7d86.jpg,20250506_211037_mp4-1021_jpg.rf.df88c50a449bdf2b9e8dc5866aeb7d86.jpg,projects/label/dataset/custom/test/211037_mp4-1021_jpg.rf.df88c50a449bdf2b9e8dc5866aeb7d86.jpg,label,custom,1080,1920,jpeg,169677,dataset,test,Yes,No,No,4,No,2026-04-01 12:30:52,2026-04-01 12:55:17.114491
3b97f438-a714-4f4c-942d-bfb10ff2f2cb,211037_mp4-1028_jpg.rf.912ab1973368e563e216ca0d0acb8c4d.jpg,20250506_211037_mp4-1028_jpg.rf.912ab1973368e563e216ca0d0acb8c4d.jpg,projects/label/dataset/custom/train/211037_mp4-1028_jpg.rf.912ab1973368e563e216ca0d0acb8c4d.jpg,label,custom,1080,1920,jpeg,183058,dataset,train,Yes,No,No,4,No,2026-04-01 12:30:52,2026-04-01 12:55:17.129032
48cb6c8e-6c7d-46dc-a60e-9a280d771120,211037_mp4-1033_jpg.rf.acbbcfa326b6b319dea24dd2c1a09810.jpg,20250506_211037_mp4-1033_jpg.rf.acbbcfa326b6b319dea24dd2c1a09810.jpg,projects/label/dataset/custom/train/211037_mp4-1033_jpg.rf.acbbcfa326b6b319dea24dd2c1a09810.jpg,label,custom,1080,1920,jpeg,124271,dataset,train,Yes,No,No,3,No,2026-04-01 12:30:52,2026-04-01 12:55:17.144571
bf39a48c-63bf-4f2d-b3a4-c9483cf23db4,211037_mp4-1037_jpg.rf.d53dc616d7ac89a467e9681a2a13c182.jpg,20250506_211037_mp4-1037_jpg.rf.d53dc616d7ac89a467e9681a2a13c182.jpg,projects/label/dataset/custom/train/211037_mp4-1037_jpg.rf.d53dc616d7ac89a467e9681a2a13c182.jpg,label,custom,1080,1920,jpeg,134760,dataset,train,Yes,No,No,4,No,2026-04-01 12:30:52,2026-04-01 12:55:17.158084
8b4528ae-be96-42e3-803f-b09670203634,211037_mp4-1039_jpg.rf.e076b98ef98dbd30a15492e78da276b4.jpg,20250506_211037_mp4-1039_jpg.rf.e076b98ef98dbd30a15492e78da276b4.jpg,projects/label/dataset/custom/test/211037_mp4-1039_jpg.rf.e076b98ef98dbd30a15492e78da276b4.jpg,label,custom,1080,1920,jpeg,139501,dataset,test,Yes,No,No,3,No,2026-04-01 12:30:52,2026-04-01 12:55:17.173114
de5903b0-7e5a-44af-9a8c-8a1ec84c106d,211037_mp4-1040_jpg.rf.eb033b3b653df7fd1086d3f9bca3f6c8.jpg,20250506_211037_mp4-1040_jpg.rf.eb033b3b653df7fd1086d3f9bca3f6c8.jpg,projects/label/dataset/custom/train/211037_mp4-1040_jpg.rf.eb033b3b653df7fd1086d3f9bca3f6c8.jpg,label,custom,1080,1920,jpeg,136138,dataset,train,Yes,No,No,3,No,2026-04-01 12:30:52,2026-04-01 12:55:17.186145
2ef5032c-52de-4abe-be52-55374b7dcbdc,211037_mp4-1042_jpg.rf.91f2013948fd386db2b6c4fc49b2203c.jpg,20250506_211037_mp4-1042_jpg.rf.91f2013948fd386db2b6c4fc49b2203c.jpg,projects/label/dataset/custom/val/211037_mp4-1042_jpg.rf.91f2013948fd386db2b6c4fc49b2203c.jpg,label,custom,1080,1920,jpeg,159381,dataset,val,Yes,No,No,4,No,2026-04-01 12:30:52,2026-04-01 12:55:17.200198
7f7897c1-3087-48b4-9cb7-c5f5ec05c7b6,211037_mp4-1045_jpg.rf.16fee4ee214acaad92876ebb6c88bf67.jpg,20250506_211037_mp4-1045_jpg.rf.16fee4ee214acaad92876ebb6c88bf67.jpg,projects/label/dataset/custom/train/211037_mp4-1045_jpg.rf.16fee4ee214acaad92876ebb6c88bf67.jpg,label,custom,1080,1920,jpeg,156900,dataset,train,Yes,No,No,3,No,2026-04-01 12:30:52,2026-04-01 12:55:17.215222
b95434b6-e8e2-4ceb-8f6d-ba3f90961d72,211037_mp4-1046_jpg.rf.e99ac76f9f7e77a97f71736ac9c61ed2.jpg,20250506_211037_mp4-1046_jpg.rf.e99ac76f9f7e77a97f71736ac9c61ed2.jpg,projects/label/dataset/custom/val/211037_mp4-1046_jpg.rf.e99ac76f9f7e77a97f71736ac9c61ed2.jpg,label,custom,1080,1920,jpeg,147628,dataset,val,Yes,No,No,3,No,2026-04-01 12:30:52,2026-04-01 12:55:17.229763
5b62395f-8149-4e58-ab90-a04c270bf885,211037_mp4-1047_jpg.rf.0a225cea19273cfd1b61e7c9c7c09ea4.jpg,20250506_211037_mp4-1047_jpg.rf.0a225cea19273cfd1b61e7c9c7c09ea4.jpg,projects/label/dataset/custom/train/211037_mp4-1047_jpg.rf.0a225cea19273cfd1b61e7c9c7c09ea4.jpg,label,custom,1080,1920,jpeg,150253,dataset,train,Yes,No,No,3,No,2026-04-01 12:30:52,2026-04-01 12:55:17.243794
e7c42cbb-5f07-4734-bb2e-0980ae986475,211037_mp4-1048_jpg.rf.b739c257694d05fe9af60adc62f931b0.jpg,20250506_211037_mp4-1048_jpg.rf.b739c257694d05fe9af60adc62f931b0.jpg,projects/label/dataset/custom/test/211037_mp4-1048_jpg.rf.b739c257694d05fe9af60adc62f931b0.jpg,label,custom,1080,1920,jpeg,157770,dataset,test,Yes,No,No,3,No,2026-04-01 12:30:52,2026-04-01 12:55:17.258307
551241ae-0dc7-4899-9eaf-72da2c59c79e,211037_mp4-1053_jpg.rf.46dffb32d1a62844c0086f6ac61f5e4f.jpg,20250506_211037_mp4-1053_jpg.rf.46dffb32d1a62844c0086f6ac61f5e4f.jpg,projects/label/dataset/custom/test/211037_mp4-1053_jpg.rf.46dffb32d1a62844c0086f6ac61f5e4f.jpg,label,custom,1080,1920,jpeg,147305,dataset,test,Yes,No,No,3,No,2026-04-01 12:30:52,2026-04-01 12:55:17.272327
793d0310-f47f-430f-86b7-7b93f82b72e0,211037_mp4-1055_jpg.rf.2f745efaacfb1f6955c500dff9848011.jpg,20250506_211037_mp4-1055_jpg.rf.2f745efaacfb1f6955c500dff9848011.jpg,projects/label/dataset/custom/train/211037_mp4-1055_jpg.rf.2f745efaacfb1f6955c500dff9848011.jpg,label,custom,1080,1920,jpeg,165891,dataset,train,Yes,No,No,3,No,2026-04-01 12:30:52,2026-04-01 12:55:17.287361
5d1774fa-5643-4000-a2db-d5e632af3846,211037_mp4-1060_jpg.rf.4f98680987c5482cc2e3e32ec19ec09c.jpg,20250506_211037_mp4-1060_jpg.rf.4f98680987c5482cc2e3e32ec19ec09c.jpg,projects/label/dataset/custom/train/211037_mp4-1060_jpg.rf.4f98680987c5482cc2e3e32ec19ec09c.jpg,label,custom,1080,1920,jpeg,162436,dataset,train,Yes,No,No,3,No,2026-04-01 12:30:52,2026-04-01 12:55:17.302381
41fa0b36-4b98-44eb-bd50-4cf3c22b9f17,211037_mp4-1061_jpg.rf.13c69c42d1208c80bc626be3c8c9671f.jpg,20250506_211037_mp4-1061_jpg.rf.13c69c42d1208c80bc626be3c8c9671f.jpg,projects/label/dataset/custom/train/211037_mp4-1061_jpg.rf.13c69c42d1208c80bc626be3c8c9671f.jpg,label,custom,1080,1920,jpeg,163290,dataset,train,Yes,No,No,3,No,2026-04-01 12:30:52,2026-04-01 12:55:17.316471
d2301978-ffad-46bc-ae54-f277f0900f69,211037_mp4-1063_jpg.rf.2c2db8305fbe0f1bc66fbeff84ca1c04.jpg,20250506_211037_mp4-1063_jpg.rf.2c2db8305fbe0f1bc66fbeff84ca1c04.jpg,projects/label/dataset/custom/train/211037_mp4-1063_jpg.rf.2c2db8305fbe0f1bc66fbeff84ca1c04.jpg,label,custom,1080,1920,jpeg,167032,dataset,train,Yes,No,No,3,No,2026-04-01 12:30:52,2026-04-01 12:55:17.330011
48136d3c-fc59-4ff2-b640-a82f3dc1453f,211037_mp4-1069_jpg.rf.755354771205a31e52f600ffd07bd2f7.jpg,20250506_211037_mp4-1069_jpg.rf.755354771205a31e52f600ffd07bd2f7.jpg,projects/label/dataset/custom/train/211037_mp4-1069_jpg.rf.755354771205a31e52f600ffd07bd2f7.jpg,label,custom,1080,1920,jpeg,179419,dataset,train,Yes,No,No,3,No,2026-04-01 12:30:52,2026-04-01 12:55:17.344034
6658b1df-0de9-472d-9ce7-7c3185dec688,211037_mp4-1070_jpg.rf.6cf3f8feab7027778deab9899727f920.jpg,20250506_211037_mp4-1070_jpg.rf.6cf3f8feab7027778deab9899727f920.jpg,projects/label/dataset/custom/train/211037_mp4-1070_jpg.rf.6cf3f8feab7027778deab9899727f920.jpg,label,custom,1080,1920,jpeg,179740,dataset,train,Yes,No,No,3,No,2026-04-01 12:30:52,2026-04-01 12:55:17.358551
712ab3f0-3dab-49ca-99b6-02c6963ffade,211037_mp4-1074_jpg.rf.0f698cd70a07234f6f1bab5e901563d8.jpg,20250506_211037_mp4-1074_jpg.rf.0f698cd70a07234f6f1bab5e901563d8.jpg,projects/label/dataset/custom/test/211037_mp4-1074_jpg.rf.0f698cd70a07234f6f1bab5e901563d8.jpg,label,custom,1080,1920,jpeg,166385,dataset,test,Yes,No,No,3,No,2026-04-01 12:30:52,2026-04-01 12:55:17.372581
ce4d0dd9-8e20-43a4-9701-028c13a35959,211037_mp4-1075_jpg.rf.489a859e74d24f318f223ebc70c65aa0.jpg,20250506_211037_mp4-1075_jpg.rf.489a859e74d24f318f223ebc70c65aa0.jpg,projects/label/dataset/custom/test/211037_mp4-1075_jpg.rf.489a859e74d24f318f223ebc70c65aa0.jpg,label,custom,1080,1920,jpeg,156174,dataset,test,Yes,No,No,3,No,2026-04-01 12:30:52,2026-04-01 12:55:17.386603
9ad2b4e2-e5ac-4d92-8d84-6b2775bd3309,211037_mp4-1077_jpg.rf.ca494dc467259a291dacff0972f31205.jpg,20250506_211037_mp4-1077_jpg.rf.ca494dc467259a291dacff0972f31205.jpg,projects/label/dataset/custom/test/211037_mp4-1077_jpg.rf.ca494dc467259a291dacff0972f31205.jpg,label,custom,1080,1920,jpeg,171817,dataset,test,Yes,No,No,3,No,2026-04-01 12:30:52,2026-04-01 12:55:17.400116
c34ece1f-1e7a-4d08-b464-395d0ea18d96,211037_mp4-1078_jpg.rf.0d6ea4c2af884839532ed6a16ebb0e04.jpg,20250506_211037_mp4-1078_jpg.rf.0d6ea4c2af884839532ed6a16ebb0e04.jpg,projects/label/dataset/custom/train/211037_mp4-1078_jpg.rf.0d6ea4c2af884839532ed6a16ebb0e04.jpg,label,custom,1080,1920,jpeg,155004,dataset,train,Yes,No,No,3,No,2026-04-01 12:30:52,2026-04-01 12:55:17.416144
cc894d69-8a83-4b1a-8eff-8e02d02b3cd4,211037_mp4-1079_jpg.rf.df30db2f181a6adaf5c5d07e60f5905a.jpg,20250506_211037_mp4-1079_jpg.rf.df30db2f181a6adaf5c5d07e60f5905a.jpg,projects/label/dataset/custom/train/211037_mp4-1079_jpg.rf.df30db2f181a6adaf5c5d07e60f5905a.jpg,label,custom,1080,1920,jpeg,158262,dataset,train,Yes,No,No,3,No,2026-04-01 12:30:52,2026-04-01 12:55:17.429685
46e9e511-1049-4c10-92de-0a9349585025,211037_mp4-1082_jpg.rf.f60bb869de3aa9dbd537db066b7246cc.jpg,20250506_211037_mp4-1082_jpg.rf.f60bb869de3aa9dbd537db066b7246cc.jpg,projects/label/dataset/custom/train/211037_mp4-1082_jpg.rf.f60bb869de3aa9dbd537db066b7246cc.jpg,label,custom,1080,1920,jpeg,142559,dataset,train,Yes,No,No,3,No,2026-04-01 12:30:52,2026-04-01 12:55:17.443717
ffa79afd-6bf6-48ad-a2aa-1fa2b7d3b861,211037_mp4-1083_jpg.rf.2fa7ec9bbf20e529c212bff5268fb2e1.jpg,20250506_211037_mp4-1083_jpg.rf.2fa7ec9bbf20e529c212bff5268fb2e1.jpg,projects/label/dataset/custom/train/211037_mp4-1083_jpg.rf.2fa7ec9bbf20e529c212bff5268fb2e1.jpg,label,custom,1080,1920,jpeg,145863,dataset,train,Yes,No,No,3,No,2026-04-01 12:30:52,2026-04-01 12:55:17.458232
f622c2ea-71b8-4bce-b120-b1a5cbb89c5e,211037_mp4-1085_jpg.rf.22185e42e686ea8d93d08584d5c6c24f.jpg,20250506_211037_mp4-1085_jpg.rf.22185e42e686ea8d93d08584d5c6c24f.jpg,projects/label/dataset/custom/val/211037_mp4-1085_jpg.rf.22185e42e686ea8d93d08584d5c6c24f.jpg,label,custom,1080,1920,jpeg,149701,dataset,val,Yes,No,No,3,No,2026-04-01 12:30:52,2026-04-01 12:55:17.471748
2a87d7d3-5e03-4843-b7f3-d9434c88399c,211037_mp4-1086_jpg.rf.9cef1924dd6f4a29ca6cfd0c49aecb38.jpg,20250506_211037_mp4-1086_jpg.rf.9cef1924dd6f4a29ca6cfd0c49aecb38.jpg,projects/label/dataset/custom/val/211037_mp4-1086_jpg.rf.9cef1924dd6f4a29ca6cfd0c49aecb38.jpg,label,custom,1080,1920,jpeg,157279,dataset,val,Yes,No,No,3,No,2026-04-01 12:30:52,2026-04-01 12:55:17.485286
7a35ec57-cb57-4d48-955e-b4335179c749,211037_mp4-1087_jpg.rf.1d861fdfd2bf3a02fa060b6d6a2d5153.jpg,20250506_211037_mp4-1087_jpg.rf.1d861fdfd2bf3a02fa060b6d6a2d5153.jpg,projects/label/dataset/custom/train/211037_mp4-1087_jpg.rf.1d861fdfd2bf3a02fa060b6d6a2d5153.jpg,label,custom,1080,1920,jpeg,162490,dataset,train,Yes,No,No,3,No,2026-04-01 12:30:52,2026-04-01 12:55:17.499800
61f7d77e-804d-4a87-855d-63325e27386c,211037_mp4-1090_jpg.rf.1b07ec420a650271b2ea964d939b853e.jpg,20250506_211037_mp4-1090_jpg.rf.1b07ec420a650271b2ea964d939b853e.jpg,projects/label/dataset/custom/train/211037_mp4-1090_jpg.rf.1b07ec420a650271b2ea964d939b853e.jpg,label,custom,1080,1920,jpeg,152250,dataset,train,Yes,No,No,3,No,2026-04-01 12:30:52,2026-04-01 12:55:17.513826
adc7b778-881a-467a-b2d9-40f2a6b8469e,211037_mp4-1091_jpg.rf.7826a08359816e602b63a9fcc832c28e.jpg,20250506_211037_mp4-1091_jpg.rf.7826a08359816e602b63a9fcc832c28e.jpg,projects/label/dataset/custom/val/211037_mp4-1091_jpg.rf.7826a08359816e602b63a9fcc832c28e.jpg,label,custom,1080,1920,jpeg,146628,dataset,val,Yes,No,No,3,No,2026-04-01 12:30:52,2026-04-01 12:55:17.528358
041ce537-b9a4-4309-acff-0d4d8a0df4c6,211037_mp4-1092_jpg.rf.e2b019c1a4a84165fe66f30d2442354e.jpg,20250506_211037_mp4-1092_jpg.rf.e2b019c1a4a84165fe66f30d2442354e.jpg,projects/label/dataset/custom/train/211037_mp4-1092_jpg.rf.e2b019c1a4a84165fe66f30d2442354e.jpg,label,custom,1080,1920,jpeg,147956,dataset,train,Yes,No,No,3,No,2026-04-01 12:30:52,2026-04-01 12:55:17.543386
4cd65103-3ea0-46a4-9abf-333911367c50,211037_mp4-1093_jpg.rf.44b5f3c99b8a055a6f4aa248d29ae8b3.jpg,20250506_211037_mp4-1093_jpg.rf.44b5f3c99b8a055a6f4aa248d29ae8b3.jpg,projects/label/dataset/custom/train/211037_mp4-1093_jpg.rf.44b5f3c99b8a055a6f4aa248d29ae8b3.jpg,label,custom,1080,1920,jpeg,162193,dataset,train,Yes,No,No,3,No,2026-04-01 12:30:52,2026-04-01 12:55:17.556905
98230bbb-074a-4d88-8546-006b3b78cec6,211037_mp4-1094_jpg.rf.d51f14ae3ee0c32291621d9508c9f01a.jpg,20250506_211037_mp4-1094_jpg.rf.d51f14ae3ee0c32291621d9508c9f01a.jpg,projects/label/dataset/custom/train/211037_mp4-1094_jpg.rf.d51f14ae3ee0c32291621d9508c9f01a.jpg,label,custom,1080,1920,jpeg,168480,dataset,train,Yes,No,No,3,No,2026-04-01 12:30:52,2026-04-01 12:55:17.571932
6ce13594-46ba-4af4-997d-fd9f06ff27b5,211037_mp4-1095_jpg.rf.f63e9e161a26862e9788c71dbbb33e98.jpg,20250506_211037_mp4-1095_jpg.rf.f63e9e161a26862e9788c71dbbb33e98.jpg,projects/label/dataset/custom/test/211037_mp4-1095_jpg.rf.f63e9e161a26862e9788c71dbbb33e98.jpg,label,custom,1080,1920,jpeg,155036,dataset,test,Yes,No,No,3,No,2026-04-01 12:30:52,2026-04-01 12:55:17.585472
b543d322-9a01-4d83-95f8-f45732d36f16,211037_mp4-1098_jpg.rf.0e34b27c286958763de16b8052060c0d.jpg,20250506_211037_mp4-1098_jpg.rf.0e34b27c286958763de16b8052060c0d.jpg,projects/label/dataset/custom/train/211037_mp4-1098_jpg.rf.0e34b27c286958763de16b8052060c0d.jpg,label,custom,1080,1920,jpeg,138740,dataset,train,Yes,No,No,3,No,2026-04-01 12:30:52,2026-04-01 12:55:17.598984
2a3b1222-deba-4d15-9132-0282ceddf34a,211037_mp4-1099_jpg.rf.bcc78b91e47fdd8fe9408bbb36db2954.jpg,20250506_211037_mp4-1099_jpg.rf.bcc78b91e47fdd8fe9408bbb36db2954.jpg,projects/label/dataset/custom/train/211037_mp4-1099_jpg.rf.bcc78b91e47fdd8fe9408bbb36db2954.jpg,label,custom,1080,1920,jpeg,146389,dataset,train,Yes,No,No,3,No,2026-04-01 12:30:52,2026-04-01 12:55:17.614007
18cdd575-74c4-4ca8-b0be-707a463309c5,211037_mp4-1100_jpg.rf.7e55763b2e70502e1553d74114eefd37.jpg,20250506_211037_mp4-1100_jpg.rf.7e55763b2e70502e1553d74114eefd37.jpg,projects/label/dataset/custom/train/211037_mp4-1100_jpg.rf.7e55763b2e70502e1553d74114eefd37.jpg,label,custom,1080,1920,jpeg,151403,dataset,train,Yes,No,No,3,No,2026-04-01 12:30:53,2026-04-01 12:55:17.627537
6540c464-39d1-48b1-81dc-b5feebe29b5e,211037_mp4-1101_jpg.rf.12acdfd7904625fedd18af3477bdb0aa.jpg,20250506_211037_mp4-1101_jpg.rf.12acdfd7904625fedd18af3477bdb0aa.jpg,projects/label/dataset/custom/train/211037_mp4-1101_jpg.rf.12acdfd7904625fedd18af3477bdb0aa.jpg,label,custom,1080,1920,jpeg,156797,dataset,train,Yes,No,No,3,No,2026-04-01 12:30:53,2026-04-01 12:55:17.641557
64ca88d2-ad50-40ff-abe9-4255d77d0c7d,211037_mp4-1102_jpg.rf.03afbc54b021e296db785eb91041ea0c.jpg,20250506_211037_mp4-1102_jpg.rf.03afbc54b021e296db785eb91041ea0c.jpg,projects/label/dataset/custom/train/211037_mp4-1102_jpg.rf.03afbc54b021e296db785eb91041ea0c.jpg,label,custom,1080,1920,jpeg,150794,dataset,train,Yes,No,No,3,No,2026-04-01 12:30:53,2026-04-01 12:55:17.657081
b49e2057-830a-464a-935e-9ff0d896874e,211037_mp4-1103_jpg.rf.38d88b81d98ce549aa2023864d7fbf95.jpg,20250506_211037_mp4-1103_jpg.rf.38d88b81d98ce549aa2023864d7fbf95.jpg,projects/label/dataset/custom/train/211037_mp4-1103_jpg.rf.38d88b81d98ce549aa2023864d7fbf95.jpg,label,custom,1080,1920,jpeg,161783,dataset,train,Yes,No,No,3,No,2026-04-01 12:30:53,2026-04-01 12:55:17.670594
6429eeba-cdda-4082-8bbb-2488b681b576,211037_mp4-1104_jpg.rf.728ae61598162a0eeefb0bef68e48eb7.jpg,20250506_211037_mp4-1104_jpg.rf.728ae61598162a0eeefb0bef68e48eb7.jpg,projects/label/dataset/custom/train/211037_mp4-1104_jpg.rf.728ae61598162a0eeefb0bef68e48eb7.jpg,label,custom,1080,1920,jpeg,156318,dataset,train,Yes,No,No,3,No,2026-04-01 12:30:53,2026-04-01 12:55:17.685124
3eb2108a-939f-43bb-b706-ee0e7f03bced,211037_mp4-1107_jpg.rf.02172a2ff787792b589e539b74b41227.jpg,20250506_211037_mp4-1107_jpg.rf.02172a2ff787792b589e539b74b41227.jpg,projects/label/dataset/custom/train/211037_mp4-1107_jpg.rf.02172a2ff787792b589e539b74b41227.jpg,label,custom,1080,1920,jpeg,140653,dataset,train,Yes,No,No,3,No,2026-04-01 12:30:53,2026-04-01 12:55:17.701648
458089be-02a0-4664-9884-2d56b253c0d9,211037_mp4-1110_jpg.rf.436378812af6cfc5f7c4077d4d43beb7.jpg,20250506_211037_mp4-1110_jpg.rf.436378812af6cfc5f7c4077d4d43beb7.jpg,projects/label/dataset/custom/test/211037_mp4-1110_jpg.rf.436378812af6cfc5f7c4077d4d43beb7.jpg,label,custom,1080,1920,jpeg,123117,dataset,test,Yes,No,No,3,No,2026-04-01 12:30:53,2026-04-01 12:55:17.717170
eec0820a-928d-4f7c-8c61-05e23c526037,211037_mp4-1111_jpg.rf.22d4fb93fa0186df20d3886ea40eae39.jpg,20250506_211037_mp4-1111_jpg.rf.22d4fb93fa0186df20d3886ea40eae39.jpg,projects/label/dataset/custom/val/211037_mp4-1111_jpg.rf.22d4fb93fa0186df20d3886ea40eae39.jpg,label,custom,1080,1920,jpeg,134381,dataset,val,Yes,No,No,3,No,2026-04-01 12:30:53,2026-04-01 12:55:17.732214
2cca286e-464e-4bc4-b26e-4df7653fbfb6,211037_mp4-1112_jpg.rf.34256b7d6b04578065e9964ad12d4eb3.jpg,20250506_211037_mp4-1112_jpg.rf.34256b7d6b04578065e9964ad12d4eb3.jpg,projects/label/dataset/custom/train/211037_mp4-1112_jpg.rf.34256b7d6b04578065e9964ad12d4eb3.jpg,label,custom,1080,1920,jpeg,133622,dataset,train,Yes,No,No,3,No,2026-04-01 12:30:53,2026-04-01 12:55:17.746739
b5f51416-c218-4942-981c-3effdb6cb674,211037_mp4-1113_jpg.rf.2ffcd87e2f521dd55ee1a28edc9fd68d.jpg,20250506_211037_mp4-1113_jpg.rf.2ffcd87e2f521dd55ee1a28edc9fd68d.jpg,projects/label/dataset/custom/val/211037_mp4-1113_jpg.rf.2ffcd87e2f521dd55ee1a28edc9fd68d.jpg,label,custom,1080,1920,jpeg,135485,dataset,val,Yes,No,No,3,No,2026-04-01 12:30:53,2026-04-01 12:55:17.760252
55f56f9b-3a78-4358-acce-6c8f01cc5d5b,211037_mp4-1114_jpg.rf.83b655b13ad4956148db5f1e09ed9eb4.jpg,20250506_211037_mp4-1114_jpg.rf.83b655b13ad4956148db5f1e09ed9eb4.jpg,projects/label/dataset/custom/train/211037_mp4-1114_jpg.rf.83b655b13ad4956148db5f1e09ed9eb4.jpg,label,custom,1080,1920,jpeg,152162,dataset,train,Yes,No,No,3,No,2026-04-01 12:30:53,2026-04-01 12:55:17.776281
1cbb1b10-2693-4eb6-b302-f1820c900746,211037_mp4-1115_jpg.rf.c2ed4db01d7331d96c17a600a6f6056a.jpg,20250506_211037_mp4-1115_jpg.rf.c2ed4db01d7331d96c17a600a6f6056a.jpg,projects/label/dataset/custom/val/211037_mp4-1115_jpg.rf.c2ed4db01d7331d96c17a600a6f6056a.jpg,label,custom,1080,1920,jpeg,144332,dataset,val,Yes,No,No,3,No,2026-04-01 12:30:53,2026-04-01 12:55:17.790303
65182c31-d718-44c0-b751-1bf8ae4a8458,211037_mp4-1118_jpg.rf.cf3b37853895d27a17e6bb70d0083528.jpg,20250506_211037_mp4-1118_jpg.rf.cf3b37853895d27a17e6bb70d0083528.jpg,projects/label/dataset/custom/test/211037_mp4-1118_jpg.rf.cf3b37853895d27a17e6bb70d0083528.jpg,label,custom,1080,1920,jpeg,151809,dataset,test,Yes,No,No,3,No,2026-04-01 12:30:53,2026-04-01 12:55:17.804329
c3745e1b-fe1a-4f1f-baf4-9234e3735693,211037_mp4-1119_jpg.rf.310eb1442cc0eb629c7228582b9da767.jpg,20250506_211037_mp4-1119_jpg.rf.310eb1442cc0eb629c7228582b9da767.jpg,projects/label/dataset/custom/val/211037_mp4-1119_jpg.rf.310eb1442cc0eb629c7228582b9da767.jpg,label,custom,1080,1920,jpeg,148554,dataset,val,Yes,No,No,3,No,2026-04-01 12:30:53,2026-04-01 12:55:17.817842
a74f5ee2-af59-476d-ba08-897ce9f0cba6,211037_mp4-1120_jpg.rf.59b06d3b7143e944b3d919051cbcf60e.jpg,20250506_211037_mp4-1120_jpg.rf.59b06d3b7143e944b3d919051cbcf60e.jpg,projects/label/dataset/custom/val/211037_mp4-1120_jpg.rf.59b06d3b7143e944b3d919051cbcf60e.jpg,label,custom,1080,1920,jpeg,145752,dataset,val,Yes,No,No,3,No,2026-04-01 12:30:53,2026-04-01 12:55:17.832886
13980911-822b-48f5-9b7d-5af03c440c75,211037_mp4-1121_jpg.rf.5c0bb3becbdd9b387b0f12d2bed61b02.jpg,20250506_211037_mp4-1121_jpg.rf.5c0bb3becbdd9b387b0f12d2bed61b02.jpg,projects/label/dataset/custom/train/211037_mp4-1121_jpg.rf.5c0bb3becbdd9b387b0f12d2bed61b02.jpg,label,custom,1080,1920,jpeg,153189,dataset,train,Yes,No,No,3,No,2026-04-01 12:30:53,2026-04-01 12:55:17.846401
ca7f9e3c-8e8e-475b-88a7-4973829511a1,211037_mp4-1122_jpg.rf.4a92db9d39a51262b50b75d9996e3df4.jpg,20250506_211037_mp4-1122_jpg.rf.4a92db9d39a51262b50b75d9996e3df4.jpg,projects/label/dataset/custom/test/211037_mp4-1122_jpg.rf.4a92db9d39a51262b50b75d9996e3df4.jpg,label,custom,1080,1920,jpeg,158759,dataset,test,Yes,No,No,3,No,2026-04-01 12:30:53,2026-04-01 12:55:17.868660
0a22f2e2-bd8e-454e-a0a0-8e792e11d80b,211037_mp4-1123_jpg.rf.4b5d99bde99dc90dbe1de8b53f1b600c.jpg,20250506_211037_mp4-1123_jpg.rf.4b5d99bde99dc90dbe1de8b53f1b600c.jpg,projects/label/dataset/custom/test/211037_mp4-1123_jpg.rf.4b5d99bde99dc90dbe1de8b53f1b600c.jpg,label,custom,1080,1920,jpeg,155523,dataset,test,Yes,No,No,3,No,2026-04-01 12:30:53,2026-04-01 12:55:17.882189
25875a3e-a761-41c1-8343-6d3d043d28a8,211037_mp4-1127_jpg.rf.fe79604ed31bd855da87e8b5786b2253.jpg,20250506_211037_mp4-1127_jpg.rf.fe79604ed31bd855da87e8b5786b2253.jpg,projects/label/dataset/custom/train/211037_mp4-1127_jpg.rf.fe79604ed31bd855da87e8b5786b2253.jpg,label,custom,1080,1920,jpeg,137544,dataset,train,Yes,No,No,3,No,2026-04-01 12:30:53,2026-04-01 12:55:17.895715
698e70aa-33d9-4e79-93f2-5092680bde91,211037_mp4-1128_jpg.rf.66a2525bbe3816c3404d0cb7a0c248dc.jpg,20250506_211037_mp4-1128_jpg.rf.66a2525bbe3816c3404d0cb7a0c248dc.jpg,projects/label/dataset/custom/train/211037_mp4-1128_jpg.rf.66a2525bbe3816c3404d0cb7a0c248dc.jpg,label,custom,1080,1920,jpeg,138549,dataset,train,Yes,No,No,3,No,2026-04-01 12:30:53,2026-04-01 12:55:17.910225
2f1917b5-ad5a-4975-8800-d9e23a6f90f5,211037_mp4-1129_jpg.rf.7d1c54e493e1b27e02f7915c888bec87.jpg,20250506_211037_mp4-1129_jpg.rf.7d1c54e493e1b27e02f7915c888bec87.jpg,projects/label/dataset/custom/val/211037_mp4-1129_jpg.rf.7d1c54e493e1b27e02f7915c888bec87.jpg,label,custom,1080,1920,jpeg,153474,dataset,val,Yes,No,No,3,No,2026-04-01 12:30:53,2026-04-01 12:55:17.923770
ff4022b9-5a56-4511-8f0c-4ba0dc71a722,211037_mp4-1132_jpg.rf.8bcf074e278b5f50445c4a2147b62fd5.jpg,20250506_211037_mp4-1132_jpg.rf.8bcf074e278b5f50445c4a2147b62fd5.jpg,projects/label/dataset/custom/train/211037_mp4-1132_jpg.rf.8bcf074e278b5f50445c4a2147b62fd5.jpg,label,custom,1080,1920,jpeg,156003,dataset,train,Yes,No,No,3,No,2026-04-01 12:30:53,2026-04-01 12:55:17.937792
c035bc8e-0a0e-45af-92c8-e90d824fa3c2,211037_mp4-1135_jpg.rf.0ca385c08deb04bc061d180769239187.jpg,20250506_211037_mp4-1135_jpg.rf.0ca385c08deb04bc061d180769239187.jpg,projects/label/dataset/custom/train/211037_mp4-1135_jpg.rf.0ca385c08deb04bc061d180769239187.jpg,label,custom,1080,1920,jpeg,142072,dataset,train,Yes,No,No,3,No,2026-04-01 12:30:53,2026-04-01 12:55:17.951805
c0786fb9-ec6a-432a-902d-45e54439b4dd,211037_mp4-1136_jpg.rf.acee0323c7fc736fa0d612afc65bc501.jpg,20250506_211037_mp4-1136_jpg.rf.acee0323c7fc736fa0d612afc65bc501.jpg,projects/label/dataset/custom/train/211037_mp4-1136_jpg.rf.acee0323c7fc736fa0d612afc65bc501.jpg,label,custom,1080,1920,jpeg,148420,dataset,train,Yes,No,No,3,No,2026-04-01 12:30:53,2026-04-01 12:55:17.965328
2300fdd8-164f-40a7-b73a-68cf6ebe7404,211037_mp4-1138_jpg.rf.60bd837489578a3068aa80286a9ca662.jpg,20250506_211037_mp4-1138_jpg.rf.60bd837489578a3068aa80286a9ca662.jpg,projects/label/dataset/custom/train/211037_mp4-1138_jpg.rf.60bd837489578a3068aa80286a9ca662.jpg,label,custom,1080,1920,jpeg,138248,dataset,train,Yes,No,No,2,No,2026-04-01 12:30:53,2026-04-01 12:55:17.979351
2da0a95d-1c0a-4f16-881a-3dcd1037fe17,211037_mp4-1141_jpg.rf.fd11ea44ee721a8e28f995951261a774.jpg,20250506_211037_mp4-1141_jpg.rf.fd11ea44ee721a8e28f995951261a774.jpg,projects/label/dataset/custom/val/211037_mp4-1141_jpg.rf.fd11ea44ee721a8e28f995951261a774.jpg,label,custom,1080,1920,jpeg,154168,dataset,val,Yes,No,No,3,No,2026-04-01 12:30:53,2026-04-01 12:55:17.993379
fba0997d-efe6-4d73-a80e-16863f80a275,211037_mp4-1142_jpg.rf.5fff94b6249adcae6aa9329a9ed94b66.jpg,20250506_211037_mp4-1142_jpg.rf.5fff94b6249adcae6aa9329a9ed94b66.jpg,projects/label/dataset/custom/test/211037_mp4-1142_jpg.rf.5fff94b6249adcae6aa9329a9ed94b66.jpg,label,custom,1080,1920,jpeg,160014,dataset,test,Yes,No,No,3,No,2026-04-01 12:30:53,2026-04-01 12:55:18.008900
1760d44d-ceba-4f47-a550-336dc966627f,211037_mp4-1146_jpg.rf.bd0e77cbd43b9a88fca681c5dab3522a.jpg,20250506_211037_mp4-1146_jpg.rf.bd0e77cbd43b9a88fca681c5dab3522a.jpg,projects/label/dataset/custom/train/211037_mp4-1146_jpg.rf.bd0e77cbd43b9a88fca681c5dab3522a.jpg,label,custom,1080,1920,jpeg,144432,dataset,train,Yes,No,No,3,No,2026-04-01 12:30:53,2026-04-01 12:55:18.024440
21a13123-a479-4695-88fc-cec5fce679cd,211037_mp4-1148_jpg.rf.2697a60fd2d61acf53e3e475441f8078.jpg,20250506_211037_mp4-1148_jpg.rf.2697a60fd2d61acf53e3e475441f8078.jpg,projects/label/dataset/custom/test/211037_mp4-1148_jpg.rf.2697a60fd2d61acf53e3e475441f8078.jpg,label,custom,1080,1920,jpeg,160924,dataset,test,Yes,No,No,3,No,2026-04-01 12:30:53,2026-04-01 12:55:18.038461
170144e6-b40f-448e-ae8e-d69251be704f,211037_mp4-1149_jpg.rf.2c73a271510eaadba70994fbe1a83230.jpg,20250506_211037_mp4-1149_jpg.rf.2c73a271510eaadba70994fbe1a83230.jpg,projects/label/dataset/custom/test/211037_mp4-1149_jpg.rf.2c73a271510eaadba70994fbe1a83230.jpg,label,custom,1080,1920,jpeg,165399,dataset,test,Yes,No,No,3,No,2026-04-01 12:30:53,2026-04-01 12:55:18.052481
592d31e3-a97c-45f7-b6c0-dfe4e72dc276,211037_mp4-1150_jpg.rf.30f5e7e6267d6ca8e9704ed685d2a8b5.jpg,20250506_211037_mp4-1150_jpg.rf.30f5e7e6267d6ca8e9704ed685d2a8b5.jpg,projects/label/dataset/custom/train/211037_mp4-1150_jpg.rf.30f5e7e6267d6ca8e9704ed685d2a8b5.jpg,label,custom,1080,1920,jpeg,167412,dataset,train,Yes,No,No,3,No,2026-04-01 12:30:53,2026-04-01 12:55:18.066999
580ab621-94ca-4647-9361-60d446b00ee4,211037_mp4-1151_jpg.rf.eb675a46a0920fb99d93996efd9ab349.jpg,20250506_211037_mp4-1151_jpg.rf.eb675a46a0920fb99d93996efd9ab349.jpg,projects/label/dataset/custom/train/211037_mp4-1151_jpg.rf.eb675a46a0920fb99d93996efd9ab349.jpg,label,custom,1080,1920,jpeg,152352,dataset,train,Yes,No,No,3,No,2026-04-01 12:30:53,2026-04-01 12:55:18.080026
8e0780d4-d477-4ab7-82d1-695d42c4a7f9,213503_mp4-0000_jpg.rf.ee7a54ac5e117ee19c178e3dd55a35d0.jpg,20250506_213503_mp4-0000_jpg.rf.ee7a54ac5e117ee19c178e3dd55a35d0.jpg,projects/label/dataset/custom/train/213503_mp4-0000_jpg.rf.ee7a54ac5e117ee19c178e3dd55a35d0.jpg,label,custom,1080,1920,jpeg,140097,dataset,train,Yes,No,No,3,No,2026-04-01 12:30:53,2026-04-01 12:55:18.095049
023e5624-9e8f-49f2-b94f-b6521c66f81f,213503_mp4-0001_jpg.rf.dcded501de3f37f2391fff4e57ff49d6.jpg,20250506_213503_mp4-0001_jpg.rf.dcded501de3f37f2391fff4e57ff49d6.jpg,projects/label/dataset/custom/val/213503_mp4-0001_jpg.rf.dcded501de3f37f2391fff4e57ff49d6.jpg,label,custom,1080,1920,jpeg,154758,dataset,val,Yes,No,No,3,No,2026-04-01 12:30:53,2026-04-01 12:55:18.108562
cddcdcef-5301-4c5e-ad40-00c03fc8ae95,213503_mp4-0007_jpg.rf.81abb470b9adeb9060551c648434ff7f.jpg,20250506_213503_mp4-0007_jpg.rf.81abb470b9adeb9060551c648434ff7f.jpg,projects/label/dataset/custom/val/213503_mp4-0007_jpg.rf.81abb470b9adeb9060551c648434ff7f.jpg,label,custom,1080,1920,jpeg,118389,dataset,val,Yes,No,No,3,No,2026-04-01 12:30:53,2026-04-01 12:55:18.122092
6b340bb5-d0d1-471c-bba3-5af089a100cb,213503_mp4-0009_jpg.rf.1538b0b8adb003d5d4aa2ee4cc8c0ff0.jpg,20250506_213503_mp4-0009_jpg.rf.1538b0b8adb003d5d4aa2ee4cc8c0ff0.jpg,projects/label/dataset/custom/test/213503_mp4-0009_jpg.rf.1538b0b8adb003d5d4aa2ee4cc8c0ff0.jpg,label,custom,1080,1920,jpeg,129424,dataset,test,Yes,No,No,3,No,2026-04-01 12:30:53,2026-04-01 12:55:18.137182
155a8804-e5e4-4e0a-b19e-d2beef03e66f,213503_mp4-0010_jpg.rf.ae89edab0fad76f0eb9fa3705c3be2cd.jpg,20250506_213503_mp4-0010_jpg.rf.ae89edab0fad76f0eb9fa3705c3be2cd.jpg,projects/label/dataset/custom/train/213503_mp4-0010_jpg.rf.ae89edab0fad76f0eb9fa3705c3be2cd.jpg,label,custom,1080,1920,jpeg,129364,dataset,train,Yes,No,No,3,No,2026-04-01 12:30:53,2026-04-01 12:55:18.151701
91f3c5db-f57c-4455-a2dc-5492c320d042,213503_mp4-0013_jpg.rf.6aa12e33900f0b475d0fae0bab706fb0.jpg,20250506_213503_mp4-0013_jpg.rf.6aa12e33900f0b475d0fae0bab706fb0.jpg,projects/label/dataset/custom/val/213503_mp4-0013_jpg.rf.6aa12e33900f0b475d0fae0bab706fb0.jpg,label,custom,1080,1920,jpeg,147050,dataset,val,Yes,No,No,3,No,2026-04-01 12:30:53,2026-04-01 12:55:18.165730
f188bb7f-03f5-4c89-b4b7-411161e1633b,213503_mp4-0014_jpg.rf.310055c91006454ff1b4d472df7d71b0.jpg,20250506_213503_mp4-0014_jpg.rf.310055c91006454ff1b4d472df7d71b0.jpg,projects/label/dataset/custom/val/213503_mp4-0014_jpg.rf.310055c91006454ff1b4d472df7d71b0.jpg,label,custom,1080,1920,jpeg,151434,dataset,val,Yes,No,No,3,No,2026-04-01 12:30:53,2026-04-01 12:55:18.179760
16e09238-2b5b-4a44-840e-e06c6927e6b8,213503_mp4-0016_jpg.rf.85b0e5f189ead5483610007abdda231f.jpg,20250506_213503_mp4-0016_jpg.rf.85b0e5f189ead5483610007abdda231f.jpg,projects/label/dataset/custom/train/213503_mp4-0016_jpg.rf.85b0e5f189ead5483610007abdda231f.jpg,label,custom,1080,1920,jpeg,150545,dataset,train,Yes,No,No,3,No,2026-04-01 12:30:53,2026-04-01 12:55:18.193788
d11655de-396b-4ae0-a87e-c69b25d9dc53,213503_mp4-0018_jpg.rf.5a46b5e26b2eb5af4e0c536486b15fcf.jpg,20250506_213503_mp4-0018_jpg.rf.5a46b5e26b2eb5af4e0c536486b15fcf.jpg,projects/label/dataset/custom/train/213503_mp4-0018_jpg.rf.5a46b5e26b2eb5af4e0c536486b15fcf.jpg,label,custom,1080,1920,jpeg,157966,dataset,train,Yes,No,No,3,No,2026-04-01 12:30:53,2026-04-01 12:55:18.208300
e80a44af-3249-445a-aea4-cd4a4ea9b736,213503_mp4-0019_jpg.rf.df3dd2592830eac106c762b0eb17aa60.jpg,20250506_213503_mp4-0019_jpg.rf.df3dd2592830eac106c762b0eb17aa60.jpg,projects/label/dataset/custom/train/213503_mp4-0019_jpg.rf.df3dd2592830eac106c762b0eb17aa60.jpg,label,custom,1080,1920,jpeg,161041,dataset,train,Yes,No,No,3,No,2026-04-01 12:30:53,2026-04-01 12:55:18.222834
3c19e8c7-0711-43a4-b22e-defdfb2a03d5,213503_mp4-0022_jpg.rf.f80d3c18509f01a96a5c818616e0bd51.jpg,20250506_213503_mp4-0022_jpg.rf.f80d3c18509f01a96a5c818616e0bd51.jpg,projects/label/dataset/custom/train/213503_mp4-0022_jpg.rf.f80d3c18509f01a96a5c818616e0bd51.jpg,label,custom,1080,1920,jpeg,156061,dataset,train,Yes,No,No,3,No,2026-04-01 12:30:53,2026-04-01 12:55:18.240864
126b55a3-c1e3-4d14-a6e7-41349f2bd451,213503_mp4-0023_jpg.rf.36fcb70fb303ead5f78b7ebc3b5120fd.jpg,20250506_213503_mp4-0023_jpg.rf.36fcb70fb303ead5f78b7ebc3b5120fd.jpg,projects/label/dataset/custom/val/213503_mp4-0023_jpg.rf.36fcb70fb303ead5f78b7ebc3b5120fd.jpg,label,custom,1080,1920,jpeg,160195,dataset,val,Yes,No,No,3,No,2026-04-01 12:30:53,2026-04-01 12:55:18.256891
b451deb6-a43b-496f-b9b9-fd94faa92f85,213503_mp4-0026_jpg.rf.7731facb6521f8417172351031ebe16e.jpg,20250506_213503_mp4-0026_jpg.rf.7731facb6521f8417172351031ebe16e.jpg,projects/label/dataset/custom/val/213503_mp4-0026_jpg.rf.7731facb6521f8417172351031ebe16e.jpg,label,custom,1080,1920,jpeg,149030,dataset,val,Yes,No,No,3,No,2026-04-01 12:30:53,2026-04-01 12:55:18.271909
53fa5e3c-8c44-41a8-91b0-d85b36d5e9c0,213503_mp4-0027_jpg.rf.8b5f0bc9a588aea8c78de0bb2e72f692.jpg,20250506_213503_mp4-0027_jpg.rf.8b5f0bc9a588aea8c78de0bb2e72f692.jpg,projects/label/dataset/custom/val/213503_mp4-0027_jpg.rf.8b5f0bc9a588aea8c78de0bb2e72f692.jpg,label,custom,1080,1920,jpeg,152066,dataset,val,Yes,No,No,3,No,2026-04-01 12:30:53,2026-04-01 12:55:18.285942
c23e6cd0-0555-4b0e-becb-5b4447ef55a0,213503_mp4-0030_jpg.rf.59c678374fbc8a8e7c8ff3c6c169370f.jpg,20250506_213503_mp4-0030_jpg.rf.59c678374fbc8a8e7c8ff3c6c169370f.jpg,projects/label/dataset/custom/train/213503_mp4-0030_jpg.rf.59c678374fbc8a8e7c8ff3c6c169370f.jpg,label,custom,1080,1920,jpeg,141420,dataset,train,Yes,No,No,3,No,2026-04-01 12:30:53,2026-04-01 12:55:18.299455
d42c3fbe-1d0a-4027-9bb8-1c244df0c773,213503_mp4-0034_jpg.rf.30d0ca9e34a28b00769fec8f5825f9dd.jpg,20250506_213503_mp4-0034_jpg.rf.30d0ca9e34a28b00769fec8f5825f9dd.jpg,projects/label/dataset/custom/train/213503_mp4-0034_jpg.rf.30d0ca9e34a28b00769fec8f5825f9dd.jpg,label,custom,1080,1920,jpeg,146965,dataset,train,Yes,No,No,4,No,2026-04-01 12:30:53,2026-04-01 12:55:18.314046
900bc867-8b8a-4dfc-af8b-cdc3b55fea2d,213503_mp4-0035_jpg.rf.c9001093c09b5e9512fe00cdc04b024e.jpg,20250506_213503_mp4-0035_jpg.rf.c9001093c09b5e9512fe00cdc04b024e.jpg,projects/label/dataset/custom/train/213503_mp4-0035_jpg.rf.c9001093c09b5e9512fe00cdc04b024e.jpg,label,custom,1080,1920,jpeg,159543,dataset,train,Yes,No,No,4,No,2026-04-01 12:30:53,2026-04-01 12:55:18.328077
068d7c72-3515-4b1d-ae6a-e46fbe7e32f5,213503_mp4-0044_jpg.rf.b664d9d626758d93bf6f33dc9545baa3.jpg,20250506_213503_mp4-0044_jpg.rf.b664d9d626758d93bf6f33dc9545baa3.jpg,projects/label/dataset/custom/train/213503_mp4-0044_jpg.rf.b664d9d626758d93bf6f33dc9545baa3.jpg,label,custom,1080,1920,jpeg,172157,dataset,train,Yes,No,No,4,No,2026-04-01 12:30:53,2026-04-01 12:55:18.341605
e2da1b7f-623a-46b9-b82c-df1356f25248,213503_mp4-0048_jpg.rf.70fd196ec0f73cd00cb66a4827407a6b.jpg,20250506_213503_mp4-0048_jpg.rf.70fd196ec0f73cd00cb66a4827407a6b.jpg,projects/label/dataset/custom/train/213503_mp4-0048_jpg.rf.70fd196ec0f73cd00cb66a4827407a6b.jpg,label,custom,1080,1920,jpeg,171042,dataset,train,Yes,No,No,4,No,2026-04-01 12:30:53,2026-04-01 12:55:18.356132
5a68039e-ded3-4627-b175-ac985b2f9f41,213503_mp4-0049_jpg.rf.7cfeb9d6a0287691b0767c741c26f1dd.jpg,20250506_213503_mp4-0049_jpg.rf.7cfeb9d6a0287691b0767c741c26f1dd.jpg,projects/label/dataset/custom/train/213503_mp4-0049_jpg.rf.7cfeb9d6a0287691b0767c741c26f1dd.jpg,label,custom,1080,1920,jpeg,178820,dataset,train,Yes,No,No,4,No,2026-04-01 12:30:53,2026-04-01 12:55:18.370642
d844b333-70b3-4ed2-b3ba-072aee31c892,213503_mp4-0051_jpg.rf.524d15c94094e0e7e9969440186b4f76.jpg,20250506_213503_mp4-0051_jpg.rf.524d15c94094e0e7e9969440186b4f76.jpg,projects/label/dataset/custom/train/213503_mp4-0051_jpg.rf.524d15c94094e0e7e9969440186b4f76.jpg,label,custom,1080,1920,jpeg,185718,dataset,train,Yes,No,No,4,No,2026-04-01 12:30:53,2026-04-01 12:55:18.385187
3971541d-b484-4128-9d20-d56ed2dc57bb,213503_mp4-0053_jpg.rf.2cd8ff5dda4db9a5eeb31e1c18c116a6.jpg,20250506_213503_mp4-0053_jpg.rf.2cd8ff5dda4db9a5eeb31e1c18c116a6.jpg,projects/label/dataset/custom/test/213503_mp4-0053_jpg.rf.2cd8ff5dda4db9a5eeb31e1c18c116a6.jpg,label,custom,1080,1920,jpeg,139438,dataset,test,Yes,No,No,3,No,2026-04-01 12:30:53,2026-04-01 12:55:18.399705
65edf4c1-44c7-4b48-99c9-66cbb44d42bc,213503_mp4-0055_jpg.rf.6050faba44539f0acaea84e9a5a818f1.jpg,20250506_213503_mp4-0055_jpg.rf.6050faba44539f0acaea84e9a5a818f1.jpg,projects/label/dataset/custom/train/213503_mp4-0055_jpg.rf.6050faba44539f0acaea84e9a5a818f1.jpg,label,custom,1080,1920,jpeg,168908,dataset,train,Yes,No,No,4,No,2026-04-01 12:30:53,2026-04-01 12:55:18.420233
