{
  "images\\train\\car_1.png": [
    {
      "class_id": 2,
      "polygon": [
        0.132639,
        0.135764,
        0.199306,
        0.080903,
        0.315972,
        0.091319,
        0.366667,
        0.155208,
        0.352083,
        0.216319,
        0.298611,
        0.230208,
        0.155556,
        0.214236
      ]
    }
  ],
  "images\\train\\car_1_brightness+50.png": [
    {
      "class_id": 2,
      "polygon": [
        0.132639,
        0.135764,
        0.199306,
        0.080903,
        0.315972,
        0.091319,
        0.366667,
        0.155208,
        0.352083,
        0.216319,
        0.298611,
        0.230208,
        0.155556,
        0.214236
      ]
    }
  ],
  "images\\train\\car_1_brightness-50.png": [
    {
      "class_id": 2,
      "polygon": [
        0.132639,
        0.135764,
        0.199306,
        0.080903,
        0.315972,
        0.091319,
        0.366667,
        0.155208,
        0.352083,
        0.216319,
        0.298611,
        0.230208,
        0.155556,
        0.214236
      ]
    }
  ],
  "images\\train\\car_4.png": [
    {
      "class_id": 3,
      "polygon": [
        0.277486,
        0.20067,
        0.233736,
        0.208483,
        0.219673,
        0.21942,
        0.202486,
        0.21942,
        0.172798,
        0.220983,
        0.154048,
        0.220983,
        0.138423,
        0.21317,
        0.116548,
        0.20692,
        0.100923,
        0.20067,
        0.088423,
        0.195983,
        0.080611,
        0.18817,
        0.080611,
        0.178795,
        0.080611,
        0.16317,
        0.085298,
        0.152233,
        0.096236,
        0.141295,
        0.154048,
        0.124108,
        0.208736,
        0.110045,
        0.255611,
        0.10067,
        0.308736,
        0.103795,
        0.344673,
        0.120983,
        0.368111,
        0.142858,
        0.374361,
        0.170983,
        0.354048,
        0.183483,
        0.327486,
        0.192858,
        0.300923,
        0.191295,
        0.282173,
        0.203795,
        0.282173,
        0.203795
      ]
    }
  ],
  "images\\train\\car_4_brightness+50.png": [
    {
      "class_id": 3,
      "polygon": [
        0.277486,
        0.20067,
        0.233736,
        0.208483,
        0.219673,
        0.21942,
        0.202486,
        0.21942,
        0.172798,
        0.220983,
        0.154048,
        0.220983,
        0.138423,
        0.21317,
        0.116548,
        0.20692,
        0.100923,
        0.20067,
        0.088423,
        0.195983,
        0.080611,
        0.18817,
        0.080611,
        0.178795,
        0.080611,
        0.16317,
        0.085298,
        0.152233,
        0.096236,
        0.141295,
        0.154048,
        0.124108,
        0.208736,
        0.110045,
        0.255611,
        0.10067,
        0.308736,
        0.103795,
        0.344673,
        0.120983,
        0.368111,
        0.142858,
        0.374361,
        0.170983,
        0.354048,
        0.183483,
        0.327486,
        0.192858,
        0.300923,
        0.191295,
        0.282173,
        0.203795,
        0.282173,
        0.203795
      ]
    }
  ],
  "images\\train\\car_4_brightness-50.png": [
    {
      "class_id": 3,
      "polygon": [
        0.277486,
        0.20067,
        0.233736,
        0.208483,
        0.219673,
        0.21942,
        0.202486,
        0.21942,
        0.172798,
        0.220983,
        0.154048,
        0.220983,
        0.138423,
        0.21317,
        0.116548,
        0.20692,
        0.100923,
        0.20067,
        0.088423,
        0.195983,
        0.080611,
        0.18817,
        0.080611,
        0.178795,
        0.080611,
        0.16317,
        0.085298,
        0.152233,
        0.096236,
        0.141295,
        0.154048,
        0.124108,
        0.208736,
        0.110045,
        0.255611,
        0.10067,
        0.308736,
        0.103795,
        0.344673,
        0.120983,
        0.368111,
        0.142858,
        0.374361,
        0.170983,
        0.354048,
        0.183483,
        0.327486,
        0.192858,
        0.300923,
        0.191295,
        0.282173,
        0.203795,
        0.282173,
        0.203795
      ]
    }
  ],
  "images\\val\\car_3.png": [
    {
      "class_id": 2,
      "polygon": [
        0.165767,
        0.220202,
        0.132955,
        0.196764,
        0.126705,
        0.187389,
        0.089205,
        0.167077,
        0.07983,
        0.156139,
        0.07983,
        0.129577,
        0.07983,
        0.109264,
        0.087642,
        0.092077,
        0.100142,
        0.082702,
        0.131392,
        0.082702,
        0.14858,
        0.082702,
        0.165767,
        0.076452,
        0.19858,
        0.067077,
        0.234517,
        0.067077,
        0.262642,
        0.071764,
        0.289205,
        0.079577,
        0.31733,
        0.088952,
        0.345455,
        0.107702,
        0.389205,
        0.135827,
        0.40483,
        0.162389,
        0.40483,
        0.190514,
        0.40483,
        0.213952,
        0.39858,
        0.235827,
        0.368892,
        0.238952,
        0.331392,
        0.240514,
        0.301705,
        0.240514,
        0.26733,
        0.240514,
        0.222017,
        0.228014,
        0.190767,
        0.220202,
        0.170455,
        0.217077,
        0.170455,
        0.217077,
        0.170455,
        0.215514,
        0.170455,
        0.215514
      ]
    }
  ],
  "images\\val\\car_3_brightness+50.png": [
    {
      "class_id": 2,
      "polygon": [
        0.165767,
        0.220202,
        0.132955,
        0.196764,
        0.126705,
        0.187389,
        0.089205,
        0.167077,
        0.07983,
        0.156139,
        0.07983,
        0.129577,
        0.07983,
        0.109264,
        0.087642,
        0.092077,
        0.100142,
        0.082702,
        0.131392,
        0.082702,
        0.14858,
        0.082702,
        0.165767,
        0.076452,
        0.19858,
        0.067077,
        0.234517,
        0.067077,
        0.262642,
        0.071764,
        0.289205,
        0.079577,
        0.31733,
        0.088952,
        0.345455,
        0.107702,
        0.389205,
        0.135827,
        0.40483,
        0.162389,
        0.40483,
        0.190514,
        0.40483,
        0.213952,
        0.39858,
        0.235827,
        0.368892,
        0.238952,
        0.331392,
        0.240514,
        0.301705,
        0.240514,
        0.26733,
        0.240514,
        0.222017,
        0.228014,
        0.190767,
        0.220202,
        0.170455,
        0.217077,
        0.170455,
        0.217077,
        0.170455,
        0.215514,
        0.170455,
        0.215514
      ]
    }
  ],
  "images\\val\\car_3_brightness-50.png": [
    {
      "class_id": 2,